record_id,fear,threat,anxiety,trauma,social_isolation,displacement,legal_stress,safety_concern,svi_score,risk_category,note
SYN-SVI-0001,0,0,1,0,0,1,0,0,19,Low,Prototype scoring example; weights/thresholds require domain-expert validation.
SYN-SVI-0002,1,1,1,1,1,0,0,0,77,Critical,Prototype scoring example; weights/thresholds require domain-expert validation.
SYN-SVI-0003,1,1,1,1,1,1,1,0,92,Critical,Prototype scoring example; weights/thresholds require domain-expert validation.
SYN-SVI-0004,1,0,1,0,0,1,0,0,44,Moderate,Prototype scoring example; weights/thresholds require domain-expert validation.
SYN-SVI-0005,0,0,1,1,0,0,1,1,50,Moderate,Prototype scoring example; weights/thresholds require domain-expert validation.
SYN-SVI-0006,0,1,1,0,1,0,1,1,57,High,Prototype scoring example; weights/thresholds require domain-expert validation.
SYN-SVI-0007,1,0,1,0,1,0,0,1,51,High,Prototype scoring example; weights/thresholds require domain-expert validation.
SYN-SVI-0008,0,1,0,1,1,1,0,0,48,Moderate,Prototype scoring example; weights/thresholds require domain-expert validation.
SYN-SVI-0009,1,1,1,0,0,1,1,1,72,High,Prototype scoring example; weights/thresholds require domain-expert validation.
SYN-SVI-0010,0,0,1,1,1,1,0,0,48,Moderate,Prototype scoring example; weights/thresholds require domain-expert validation.
SYN-SVI-0011,0,0,1,1,0,1,0,0,39,Moderate,Prototype scoring example; weights/thresholds require domain-expert validation.
SYN-SVI-0012,0,0,0,1,1,0,1,0,30,Moderate,Prototype scoring example; weights/thresholds require domain-expert validation.
SYN-SVI-0013,0,0,1,1,1,0,1,0,49,Moderate,Prototype scoring example; weights/thresholds require domain-expert validation.
SYN-SVI-0014,0,0,1,1,0,0,1,0,38,Moderate,Prototype scoring example; weights/thresholds require domain-expert validation.
SYN-SVI-0015,0,0,0,1,0,0,1,0,20,Low,Prototype scoring example; weights/thresholds require domain-expert validation.
SYN-SVI-0016,1,1,0,0,1,1,1,0,59,High,Prototype scoring example; weights/thresholds require domain-expert validation.
SYN-SVI-0017,0,1,1,1,1,0,1,1,74,High,Prototype scoring example; weights/thresholds require domain-expert validation.
SYN-SVI-0018,1,0,0,0,0,0,0,1,26,Moderate,Prototype scoring example; weights/thresholds require domain-expert validation.
SYN-SVI-0019,0,0,1,1,1,1,0,1,52,High,Prototype scoring example; weights/thresholds require domain-expert validation.
SYN-SVI-0020,0,1,0,1,0,1,0,1,52,High,Prototype scoring example; weights/thresholds require domain-expert validation.
SYN-SVI-0021,1,0,1,1,1,0,1,1,70,High,Prototype scoring example; weights/thresholds require domain-expert validation.
SYN-SVI-0022,1,0,1,0,1,1,1,1,69,High,Prototype scoring example; weights/thresholds require domain-expert validation.
SYN-SVI-0023,1,0,1,0,0,1,0,0,43,Moderate,Prototype scoring example; weights/thresholds require domain-expert validation.
SYN-SVI-0024,1,1,0,1,1,0,0,1,74,High,Prototype scoring example; weights/thresholds require domain-expert validation.
SYN-SVI-0025,1,0,0,0,1,1,1,0,40,Moderate,Prototype scoring example; weights/thresholds require domain-expert validation.
SYN-SVI-0026,0,0,1,0,1,1,0,1,43,Moderate,Prototype scoring example; weights/thresholds require domain-expert validation.
SYN-SVI-0027,0,0,0,0,1,1,0,0,19,Low,Prototype scoring example; weights/thresholds require domain-expert validation.
SYN-SVI-0028,0,0,0,0,1,1,1,0,23,Low,Prototype scoring example; weights/thresholds require domain-expert validation.
SYN-SVI-0029,0,1,0,1,0,0,1,1,54,High,Prototype scoring example; weights/thresholds require domain-expert validation.
SYN-SVI-0030,0,1,0,0,0,0,0,1,30,Moderate,Prototype scoring example; weights/thresholds require domain-expert validation.
SYN-SVI-0031,0,1,1,1,1,0,1,0,61,High,Prototype scoring example; weights/thresholds require domain-expert validation.
SYN-SVI-0032,0,0,0,0,1,1,1,0,29,Moderate,Prototype scoring example; weights/thresholds require domain-expert validation.
SYN-SVI-0033,0,1,0,0,0,0,1,0,29,Moderate,Prototype scoring example; weights/thresholds require domain-expert validation.
SYN-SVI-0034,1,0,0,0,0,1,1,0,31,Moderate,Prototype scoring example; weights/thresholds require domain-expert validation.
SYN-SVI-0035,1,1,0,0,0,1,1,0,48,Moderate,Prototype scoring example; weights/thresholds require domain-expert validation.
SYN-SVI-0036,1,0,1,0,0,0,1,0,43,Moderate,Prototype scoring example; weights/thresholds require domain-expert validation.
SYN-SVI-0037,1,1,1,1,1,1,1,0,86,Critical,Prototype scoring example; weights/thresholds require domain-expert validation.
SYN-SVI-0038,0,0,0,0,1,0,1,1,29,Moderate,Prototype scoring example; weights/thresholds require domain-expert validation.
SYN-SVI-0039,1,0,1,1,0,1,0,0,53,High,Prototype scoring example; weights/thresholds require domain-expert validation.
SYN-SVI-0040,1,1,0,0,1,1,0,0,58,High,Prototype scoring example; weights/thresholds require domain-expert validation.
SYN-SVI-0041,0,0,0,0,1,1,0,1,26,Moderate,Prototype scoring example; weights/thresholds require domain-expert validation.
SYN-SVI-0042,0,1,0,1,1,1,1,0,57,High,Prototype scoring example; weights/thresholds require domain-expert validation.
SYN-SVI-0043,1,0,1,0,0,1,0,1,52,High,Prototype scoring example; weights/thresholds require domain-expert validation.
SYN-SVI-0044,1,0,0,0,1,0,0,1,41,Moderate,Prototype scoring example; weights/thresholds require domain-expert validation.
SYN-SVI-0045,0,0,0,0,0,0,1,0,8,Low,Prototype scoring example; weights/thresholds require domain-expert validation.
SYN-SVI-0046,0,1,1,1,1,0,1,0,64,High,Prototype scoring example; weights/thresholds require domain-expert validation.
SYN-SVI-0047,0,0,1,1,0,0,1,0,34,Moderate,Prototype scoring example; weights/thresholds require domain-expert validation.
SYN-SVI-0048,0,0,0,0,1,1,0,0,14,Low,Prototype scoring example; weights/thresholds require domain-expert validation.
SYN-SVI-0049,1,1,0,0,0,1,0,0,42,Moderate,Prototype scoring example; weights/thresholds require domain-expert validation.
SYN-SVI-0050,1,0,1,1,0,0,1,1,63,High,Prototype scoring example; weights/thresholds require domain-expert validation.
SYN-SVI-0051,0,0,1,1,0,1,0,0,36,Moderate,Prototype scoring example; weights/thresholds require domain-expert validation.
SYN-SVI-0052,0,1,0,1,1,0,1,0,49,Moderate,Prototype scoring example; weights/thresholds require domain-expert validation.
SYN-SVI-0053,0,1,1,0,1,1,0,1,61,High,Prototype scoring example; weights/thresholds require domain-expert validation.
SYN-SVI-0054,1,0,0,1,0,1,0,1,51,High,Prototype scoring example; weights/thresholds require domain-expert validation.
SYN-SVI-0055,1,1,1,0,1,0,0,0,58,High,Prototype scoring example; weights/thresholds require domain-expert validation.
SYN-SVI-0056,1,0,1,0,0,1,1,1,54,High,Prototype scoring example; weights/thresholds require domain-expert validation.
SYN-SVI-0057,1,1,1,0,0,0,0,1,62,High,Prototype scoring example; weights/thresholds require domain-expert validation.
SYN-SVI-0058,1,0,0,0,1,0,1,0,34,Moderate,Prototype scoring example; weights/thresholds require domain-expert validation.
SYN-SVI-0059,0,1,0,1,0,0,1,1,54,High,Prototype scoring example; weights/thresholds require domain-expert validation.
SYN-SVI-0060,1,0,0,1,1,1,0,0,51,High,Prototype scoring example; weights/thresholds require domain-expert validation.
SYN-SVI-0061,1,1,1,0,0,1,1,0,65,High,Prototype scoring example; weights/thresholds require domain-expert validation.
SYN-SVI-0062,1,1,1,1,0,0,1,1,81,Critical,Prototype scoring example; weights/thresholds require domain-expert validation.
SYN-SVI-0063,1,1,1,1,1,1,1,0,89,Critical,Prototype scoring example; weights/thresholds require domain-expert validation.
SYN-SVI-0064,1,1,1,1,1,0,1,1,95,Critical,Prototype scoring example; weights/thresholds require domain-expert validation.
SYN-SVI-0065,0,0,0,0,1,1,1,0,25,Low,Prototype scoring example; weights/thresholds require domain-expert validation.
SYN-SVI-0066,1,0,1,0,1,1,1,1,71,High,Prototype scoring example; weights/thresholds require domain-expert validation.
SYN-SVI-0067,1,1,1,1,1,0,0,0,76,Critical,Prototype scoring example; weights/thresholds require domain-expert validation.
SYN-SVI-0068,0,1,1,1,0,1,1,1,72,High,Prototype scoring example; weights/thresholds require domain-expert validation.
SYN-SVI-0069,0,0,1,1,0,0,0,1,36,Moderate,Prototype scoring example; weights/thresholds require domain-expert validation.
SYN-SVI-0070,0,1,0,0,0,0,1,0,22,Low,Prototype scoring example; weights/thresholds require domain-expert validation.
SYN-SVI-0071,0,1,0,1,1,0,1,0,50,Moderate,Prototype scoring example; weights/thresholds require domain-expert validation.
SYN-SVI-0072,0,1,1,0,1,1,0,1,60,High,Prototype scoring example; weights/thresholds require domain-expert validation.
SYN-SVI-0073,0,0,1,1,1,0,1,0,47,Moderate,Prototype scoring example; weights/thresholds require domain-expert validation.
SYN-SVI-0074,0,0,1,1,1,0,0,1,45,Moderate,Prototype scoring example; weights/thresholds require domain-expert validation.
SYN-SVI-0075,1,1,1,0,1,1,1,0,80,Critical,Prototype scoring example; weights/thresholds require domain-expert validation.
SYN-SVI-0076,0,1,1,1,0,0,1,1,61,High,Prototype scoring example; weights/thresholds require domain-expert validation.
SYN-SVI-0077,1,0,0,1,1,0,1,1,58,High,Prototype scoring example; weights/thresholds require domain-expert validation.
SYN-SVI-0078,1,1,1,1,0,0,0,1,72,High,Prototype scoring example; weights/thresholds require domain-expert validation.
SYN-SVI-0079,0,1,0,0,0,0,1,1,34,Moderate,Prototype scoring example; weights/thresholds require domain-expert validation.
SYN-SVI-0080,0,1,1,1,0,1,1,1,74,High,Prototype scoring example; weights/thresholds require domain-expert validation.
SYN-SVI-0081,0,0,1,1,1,1,0,0,45,Moderate,Prototype scoring example; weights/thresholds require domain-expert validation.
SYN-SVI-0082,1,1,1,1,1,0,1,0,80,Critical,Prototype scoring example; weights/thresholds require domain-expert validation.
SYN-SVI-0083,0,0,0,0,0,0,0,0,0,Low,Prototype scoring example; weights/thresholds require domain-expert validation.
SYN-SVI-0084,0,0,0,0,1,0,0,1,20,Low,Prototype scoring example; weights/thresholds require domain-expert validation.
SYN-SVI-0085,0,1,0,1,1,0,1,1,57,High,Prototype scoring example; weights/thresholds require domain-expert validation.
SYN-SVI-0086,1,1,1,1,0,1,0,0,73,High,Prototype scoring example; weights/thresholds require domain-expert validation.
SYN-SVI-0087,1,0,0,1,1,1,1,1,66,High,Prototype scoring example; weights/thresholds require domain-expert validation.
SYN-SVI-0088,1,0,1,0,1,0,1,0,47,Moderate,Prototype scoring example; weights/thresholds require domain-expert validation.
SYN-SVI-0089,0,1,0,1,1,1,0,0,54,High,Prototype scoring example; weights/thresholds require domain-expert validation.
SYN-SVI-0090,0,0,1,1,0,1,1,0,44,Moderate,Prototype scoring example; weights/thresholds require domain-expert validation.
SYN-SVI-0091,0,0,0,0,1,1,0,0,17,Low,Prototype scoring example; weights/thresholds require domain-expert validation.
SYN-SVI-0092,1,1,1,0,1,0,0,1,66,High,Prototype scoring example; weights/thresholds require domain-expert validation.
SYN-SVI-0093,0,1,0,0,1,0,1,1,49,Moderate,Prototype scoring example; weights/thresholds require domain-expert validation.
SYN-SVI-0094,0,1,0,0,1,1,0,1,43,Moderate,Prototype scoring example; weights/thresholds require domain-expert validation.
SYN-SVI-0095,1,0,0,1,1,1,1,1,72,High,Prototype scoring example; weights/thresholds require domain-expert validation.
SYN-SVI-0096,1,1,0,0,1,0,0,0,50,Moderate,Prototype scoring example; weights/thresholds require domain-expert validation.
SYN-SVI-0097,0,1,1,0,0,1,1,1,62,High,Prototype scoring example; weights/thresholds require domain-expert validation.
SYN-SVI-0098,0,0,1,0,1,1,0,0,28,Moderate,Prototype scoring example; weights/thresholds require domain-expert validation.
SYN-SVI-0099,1,1,0,0,1,0,1,1,68,High,Prototype scoring example; weights/thresholds require domain-expert validation.
SYN-SVI-0100,1,1,0,0,0,0,1,0,44,Moderate,Prototype scoring example; weights/thresholds require domain-expert validation.
SYN-SVI-0101,1,1,0,1,0,0,0,1,64,High,Prototype scoring example; weights/thresholds require domain-expert validation.
SYN-SVI-0102,1,0,1,0,0,1,0,1,51,High,Prototype scoring example; weights/thresholds require domain-expert validation.
SYN-SVI-0103,0,1,0,1,0,0,0,1,38,Moderate,Prototype scoring example; weights/thresholds require domain-expert validation.
SYN-SVI-0104,0,1,1,1,1,1,1,1,81,Critical,Prototype scoring example; weights/thresholds require domain-expert validation.
SYN-SVI-0105,1,1,1,0,0,0,1,1,72,High,Prototype scoring example; weights/thresholds require domain-expert validation.
SYN-SVI-0106,1,1,1,1,1,1,0,1,89,Critical,Prototype scoring example; weights/thresholds require domain-expert validation.
SYN-SVI-0107,0,1,0,1,0,1,0,0,39,Moderate,Prototype scoring example; weights/thresholds require domain-expert validation.
SYN-SVI-0108,0,0,1,0,0,0,1,1,32,Moderate,Prototype scoring example; weights/thresholds require domain-expert validation.
SYN-SVI-0109,1,0,1,0,1,0,0,1,55,High,Prototype scoring example; weights/thresholds require domain-expert validation.
SYN-SVI-0110,0,0,0,0,1,1,0,0,18,Low,Prototype scoring example; weights/thresholds require domain-expert validation.
SYN-SVI-0111,1,0,1,0,0,0,0,1,46,Moderate,Prototype scoring example; weights/thresholds require domain-expert validation.
SYN-SVI-0112,0,0,1,1,1,1,0,1,58,High,Prototype scoring example; weights/thresholds require domain-expert validation.
SYN-SVI-0113,1,0,0,0,0,1,0,0,24,Low,Prototype scoring example; weights/thresholds require domain-expert validation.
SYN-SVI-0114,1,0,1,0,0,1,0,0,41,Moderate,Prototype scoring example; weights/thresholds require domain-expert validation.
SYN-SVI-0115,0,0,1,0,0,0,1,0,21,Low,Prototype scoring example; weights/thresholds require domain-expert validation.
SYN-SVI-0116,1,0,0,1,0,0,1,0,42,Moderate,Prototype scoring example; weights/thresholds require domain-expert validation.
SYN-SVI-0117,0,1,1,1,0,0,1,0,57,High,Prototype scoring example; weights/thresholds require domain-expert validation.
SYN-SVI-0118,1,0,0,0,1,0,0,0,32,Moderate,Prototype scoring example; weights/thresholds require domain-expert validation.
SYN-SVI-0119,1,1,1,1,0,0,1,1,86,Critical,Prototype scoring example; weights/thresholds require domain-expert validation.
SYN-SVI-0120,1,1,1,1,1,0,0,0,70,High,Prototype scoring example; weights/thresholds require domain-expert validation.
SYN-SVI-0121,0,0,1,1,0,1,1,0,47,Moderate,Prototype scoring example; weights/thresholds require domain-expert validation.
SYN-SVI-0122,1,1,0,0,1,0,0,0,45,Moderate,Prototype scoring example; weights/thresholds require domain-expert validation.
SYN-SVI-0123,1,0,1,1,0,1,1,0,62,High,Prototype scoring example; weights/thresholds require domain-expert validation.
SYN-SVI-0124,1,0,1,1,0,0,1,1,63,High,Prototype scoring example; weights/thresholds require domain-expert validation.
SYN-SVI-0125,1,1,0,1,1,0,1,1,74,High,Prototype scoring example; weights/thresholds require domain-expert validation.
SYN-SVI-0126,0,1,1,1,1,0,0,1,68,High,Prototype scoring example; weights/thresholds require domain-expert validation.
SYN-SVI-0127,0,0,0,1,1,1,0,1,46,Moderate,Prototype scoring example; weights/thresholds require domain-expert validation.
SYN-SVI-0128,1,1,1,0,0,0,0,1,64,High,Prototype scoring example; weights/thresholds require domain-expert validation.
SYN-SVI-0129,0,0,1,0,0,0,0,1,24,Low,Prototype scoring example; weights/thresholds require domain-expert validation.
SYN-SVI-0130,1,1,0,1,0,0,1,1,67,High,Prototype scoring example; weights/thresholds require domain-expert validation.
SYN-SVI-0131,1,1,0,1,1,1,0,0,65,High,Prototype scoring example; weights/thresholds require domain-expert validation.
SYN-SVI-0132,1,0,1,0,0,0,1,0,39,Moderate,Prototype scoring example; weights/thresholds require domain-expert validation.
SYN-SVI-0133,1,1,1,1,0,0,0,0,64,High,Prototype scoring example; weights/thresholds require domain-expert validation.
SYN-SVI-0134,0,1,0,0,1,0,0,0,32,Moderate,Prototype scoring example; weights/thresholds require domain-expert validation.
SYN-SVI-0135,1,0,1,1,1,1,1,1,81,Critical,Prototype scoring example; weights/thresholds require domain-expert validation.
SYN-SVI-0136,1,1,1,1,1,1,1,0,86,Critical,Prototype scoring example; weights/thresholds require domain-expert validation.
SYN-SVI-0137,1,0,1,0,0,1,1,1,56,High,Prototype scoring example; weights/thresholds require domain-expert validation.
SYN-SVI-0138,1,0,1,0,0,1,1,1,54,High,Prototype scoring example; weights/thresholds require domain-expert validation.
SYN-SVI-0139,1,0,1,1,1,0,1,1,71,High,Prototype scoring example; weights/thresholds require domain-expert validation.
SYN-SVI-0140,1,0,1,0,0,0,0,0,28,Moderate,Prototype scoring example; weights/thresholds require domain-expert validation.
SYN-SVI-0141,0,0,0,0,1,0,1,1,24,Low,Prototype scoring example; weights/thresholds require domain-expert validation.
SYN-SVI-0142,1,1,1,0,0,1,1,0,63,High,Prototype scoring example; weights/thresholds require domain-expert validation.
SYN-SVI-0143,0,0,0,0,1,1,1,1,39,Moderate,Prototype scoring example; weights/thresholds require domain-expert validation.
SYN-SVI-0144,0,1,1,0,1,0,0,0,45,Moderate,Prototype scoring example; weights/thresholds require domain-expert validation.
SYN-SVI-0145,0,0,1,0,0,1,0,0,21,Low,Prototype scoring example; weights/thresholds require domain-expert validation.
SYN-SVI-0146,1,1,0,0,1,1,1,0,65,High,Prototype scoring example; weights/thresholds require domain-expert validation.
SYN-SVI-0147,0,1,1,1,0,0,0,0,43,Moderate,Prototype scoring example; weights/thresholds require domain-expert validation.
SYN-SVI-0148,1,1,0,0,0,1,1,0,50,Moderate,Prototype scoring example; weights/thresholds require domain-expert validation.
SYN-SVI-0149,1,0,0,1,0,1,1,1,56,High,Prototype scoring example; weights/thresholds require domain-expert validation.
SYN-SVI-0150,0,1,0,1,1,0,0,1,54,High,Prototype scoring example; weights/thresholds require domain-expert validation.
SYN-SVI-0151,1,0,0,0,1,0,1,0,36,Moderate,Prototype scoring example; weights/thresholds require domain-expert validation.
SYN-SVI-0152,0,0,1,0,1,0,0,1,35,Moderate,Prototype scoring example; weights/thresholds require domain-expert validation.
SYN-SVI-0153,1,0,0,0,0,1,0,1,33,Moderate,Prototype scoring example; weights/thresholds require domain-expert validation.
SYN-SVI-0154,1,0,0,0,0,0,1,0,27,Moderate,Prototype scoring example; weights/thresholds require domain-expert validation.
SYN-SVI-0155,1,1,1,1,1,0,0,1,83,Critical,Prototype scoring example; weights/thresholds require domain-expert validation.
SYN-SVI-0156,1,1,0,0,0,0,1,1,52,High,Prototype scoring example; weights/thresholds require domain-expert validation.
SYN-SVI-0157,0,1,0,1,1,0,0,1,48,Moderate,Prototype scoring example; weights/thresholds require domain-expert validation.
SYN-SVI-0158,1,0,0,0,1,0,0,1,42,Moderate,Prototype scoring example; weights/thresholds require domain-expert validation.
SYN-SVI-0159,1,0,1,0,0,1,0,0,42,Moderate,Prototype scoring example; weights/thresholds require domain-expert validation.
SYN-SVI-0160,0,1,0,1,1,0,1,1,56,High,Prototype scoring example; weights/thresholds require domain-expert validation.
SYN-SVI-0161,1,0,1,0,1,1,0,0,49,Moderate,Prototype scoring example; weights/thresholds require domain-expert validation.
SYN-SVI-0162,1,1,0,1,1,1,1,1,85,Critical,Prototype scoring example; weights/thresholds require domain-expert validation.
SYN-SVI-0163,0,1,1,0,1,1,1,0,60,High,Prototype scoring example; weights/thresholds require domain-expert validation.
SYN-SVI-0164,0,1,0,1,0,1,1,1,61,High,Prototype scoring example; weights/thresholds require domain-expert validation.
SYN-SVI-0165,0,0,1,1,1,1,1,0,53,High,Prototype scoring example; weights/thresholds require domain-expert validation.
SYN-SVI-0166,0,1,1,0,0,0,1,1,47,Moderate,Prototype scoring example; weights/thresholds require domain-expert validation.
SYN-SVI-0167,1,0,1,1,1,1,0,1,76,Critical,Prototype scoring example; weights/thresholds require domain-expert validation.
SYN-SVI-0168,0,1,1,0,1,0,1,1,64,High,Prototype scoring example; weights/thresholds require domain-expert validation.
SYN-SVI-0169,1,1,0,1,0,1,1,1,72,High,Prototype scoring example; weights/thresholds require domain-expert validation.
SYN-SVI-0170,0,0,1,0,1,1,0,1,40,Moderate,Prototype scoring example; weights/thresholds require domain-expert validation.
SYN-SVI-0171,0,0,1,1,1,0,0,0,40,Moderate,Prototype scoring example; weights/thresholds require domain-expert validation.
SYN-SVI-0172,1,0,0,0,1,1,0,1,43,Moderate,Prototype scoring example; weights/thresholds require domain-expert validation.
SYN-SVI-0173,0,0,0,1,1,1,1,0,38,Moderate,Prototype scoring example; weights/thresholds require domain-expert validation.
SYN-SVI-0174,0,0,1,1,1,0,1,0,46,Moderate,Prototype scoring example; weights/thresholds require domain-expert validation.
SYN-SVI-0175,1,1,1,1,1,0,1,1,90,Critical,Prototype scoring example; weights/thresholds require domain-expert validation.
SYN-SVI-0176,1,0,1,1,1,1,0,1,74,High,Prototype scoring example; weights/thresholds require domain-expert validation.
SYN-SVI-0177,1,0,1,1,0,0,1,0,50,Moderate,Prototype scoring example; weights/thresholds require domain-expert validation.
SYN-SVI-0178,1,0,0,0,1,0,0,0,24,Low,Prototype scoring example; weights/thresholds require domain-expert validation.
SYN-SVI-0179,1,0,1,0,0,0,0,0,29,Moderate,Prototype scoring example; weights/thresholds require domain-expert validation.
SYN-SVI-0180,1,1,0,0,0,1,0,0,40,Moderate,Prototype scoring example; weights/thresholds require domain-expert validation.
SYN-SVI-0181,1,0,1,0,0,1,0,1,46,Moderate,Prototype scoring example; weights/thresholds require domain-expert validation.
SYN-SVI-0182,1,0,1,1,1,0,0,1,62,High,Prototype scoring example; weights/thresholds require domain-expert validation.
SYN-SVI-0183,0,1,0,0,1,0,1,1,42,Moderate,Prototype scoring example; weights/thresholds require domain-expert validation.
SYN-SVI-0184,0,1,0,0,1,1,0,0,35,Moderate,Prototype scoring example; weights/thresholds require domain-expert validation.
SYN-SVI-0185,1,0,1,0,0,1,1,1,59,High,Prototype scoring example; weights/thresholds require domain-expert validation.
SYN-SVI-0186,0,0,0,0,0,0,1,0,6,Low,Prototype scoring example; weights/thresholds require domain-expert validation.
SYN-SVI-0187,1,0,0,1,1,1,1,1,69,High,Prototype scoring example; weights/thresholds require domain-expert validation.
SYN-SVI-0188,1,0,1,1,1,0,1,0,60,High,Prototype scoring example; weights/thresholds require domain-expert validation.
SYN-SVI-0189,1,0,0,0,0,1,1,1,41,Moderate,Prototype scoring example; weights/thresholds require domain-expert validation.
SYN-SVI-0190,1,1,0,1,1,0,0,1,67,High,Prototype scoring example; weights/thresholds require domain-expert validation.
SYN-SVI-0191,0,1,1,1,1,1,0,0,66,High,Prototype scoring example; weights/thresholds require domain-expert validation.
SYN-SVI-0192,0,1,0,0,0,1,1,1,43,Moderate,Prototype scoring example; weights/thresholds require domain-expert validation.
SYN-SVI-0193,1,0,1,0,1,1,0,1,62,High,Prototype scoring example; weights/thresholds require domain-expert validation.
SYN-SVI-0194,0,0,0,0,1,1,1,0,25,Low,Prototype scoring example; weights/thresholds require domain-expert validation.
SYN-SVI-0195,1,0,1,1,1,1,1,0,76,Critical,Prototype scoring example; weights/thresholds require domain-expert validation.
SYN-SVI-0196,0,0,0,1,0,1,0,1,30,Moderate,Prototype scoring example; weights/thresholds require domain-expert validation.
SYN-SVI-0197,1,0,1,0,1,0,1,0,46,Moderate,Prototype scoring example; weights/thresholds require domain-expert validation.
SYN-SVI-0198,1,1,0,0,1,0,1,1,68,High,Prototype scoring example; weights/thresholds require domain-expert validation.
SYN-SVI-0199,1,0,0,0,0,1,1,0,35,Moderate,Prototype scoring example; weights/thresholds require domain-expert validation.
SYN-SVI-0200,0,0,0,0,1,1,1,1,34,Moderate,Prototype scoring example; weights/thresholds require domain-expert validation.
