audio_id,language,speech_rate_words_per_sec,avg_pause_seconds,pitch_variability_hz,normalized_energy,hesitation_ratio,speech_duration_sec,svi_score,risk_category,data_type
SYN-AUD-0001,Hinglish,2.374,2.794,68.65,0.497,0.213,309.37,88,Critical,synthetic_demo_features
SYN-AUD-0002,English,2.726,1.824,35.08,0.758,0.094,167.2,47,Moderate,synthetic_demo_features
SYN-AUD-0003,Hinglish,1.89,1.53,35.67,0.377,0.203,179.35,67,High,synthetic_demo_features
SYN-AUD-0004,Hindi,2.922,0.736,48.29,0.549,0.121,405.0,32,Moderate,synthetic_demo_features
SYN-AUD-0005,Hindi,2.303,0.957,46.57,0.52,0.118,282.88,66,High,synthetic_demo_features
SYN-AUD-0006,English,1.746,1.935,40.36,0.459,0.147,32.8,57,High,synthetic_demo_features
SYN-AUD-0007,Punjlish,2.386,1.546,50.63,0.635,0.202,146.66,72,High,synthetic_demo_features
SYN-AUD-0008,English,1.379,1.806,49.54,0.357,0.176,201.6,78,Critical,synthetic_demo_features
SYN-AUD-0009,Punjlish,2.597,1.183,31.66,0.587,0.083,283.55,35,Moderate,synthetic_demo_features
SYN-AUD-0010,Punjlish,2.663,1.771,31.98,0.491,0.108,40.94,63,High,synthetic_demo_features
SYN-AUD-0011,Punjabi,3.134,0.599,32.09,0.726,0.068,177.18,13,Low,synthetic_demo_features
SYN-AUD-0012,Punjlish,2.774,1.587,26.15,0.498,0.212,350.26,40,Moderate,synthetic_demo_features
SYN-AUD-0013,Punjabi,2.088,0.731,48.41,0.581,0.124,264.0,63,High,synthetic_demo_features
SYN-AUD-0014,Punjlish,1.562,1.237,43.72,0.425,0.155,333.66,51,High,synthetic_demo_features
SYN-AUD-0015,Hinglish,2.64,1.337,39.6,0.599,0.042,191.95,28,Moderate,synthetic_demo_features
SYN-AUD-0016,Punjlish,2.633,1.462,32.24,0.702,0.158,154.76,48,Moderate,synthetic_demo_features
SYN-AUD-0017,Punjlish,1.825,1.47,38.89,0.513,0.147,381.74,30,Moderate,synthetic_demo_features
SYN-AUD-0018,Punjabi,3.184,0.633,31.34,0.767,0.054,75.37,17,Low,synthetic_demo_features
SYN-AUD-0019,English,3.003,0.449,25.37,0.741,0.019,386.84,6,Low,synthetic_demo_features
SYN-AUD-0020,Hindi,2.661,1.941,44.28,0.425,0.261,153.68,82,Critical,synthetic_demo_features
SYN-AUD-0021,Hinglish,2.38,1.23,41.56,0.544,0.134,339.43,30,Moderate,synthetic_demo_features
SYN-AUD-0022,Hinglish,2.087,2.369,44.41,0.367,0.313,394.73,93,Critical,synthetic_demo_features
SYN-AUD-0023,Punjabi,3.063,0.444,28.56,0.757,0.047,416.85,17,Low,synthetic_demo_features
SYN-AUD-0024,Hindi,2.173,1.818,50.65,0.596,0.159,405.83,57,High,synthetic_demo_features
SYN-AUD-0025,Punjlish,2.618,0.885,23.22,0.482,0.16,39.28,38,Moderate,synthetic_demo_features
SYN-AUD-0026,English,2.119,1.073,55.36,0.283,0.142,195.28,52,High,synthetic_demo_features
SYN-AUD-0027,Punjlish,2.454,1.446,27.62,0.42,0.133,73.44,67,High,synthetic_demo_features
SYN-AUD-0028,Punjabi,1.804,1.805,47.58,0.596,0.163,228.7,51,High,synthetic_demo_features
SYN-AUD-0029,Hinglish,2.195,1.524,20.34,0.468,0.266,196.14,83,Critical,synthetic_demo_features
SYN-AUD-0030,Hinglish,3.296,1.085,41.37,0.634,0.169,200.74,44,Moderate,synthetic_demo_features
SYN-AUD-0031,Hindi,2.476,1.033,34.53,0.716,0.112,75.97,24,Low,synthetic_demo_features
SYN-AUD-0032,Hindi,2.931,0.654,29.62,0.648,0.038,123.96,7,Low,synthetic_demo_features
SYN-AUD-0033,Punjabi,2.484,1.621,53.58,0.547,0.184,228.0,51,High,synthetic_demo_features
SYN-AUD-0034,Punjabi,2.968,1.388,39.3,0.56,0.161,281.4,26,Moderate,synthetic_demo_features
SYN-AUD-0035,Punjlish,2.866,1.048,31.54,0.548,0.08,195.55,40,Moderate,synthetic_demo_features
SYN-AUD-0036,Hindi,2.806,1.516,42.44,0.346,0.126,397.41,46,Moderate,synthetic_demo_features
SYN-AUD-0037,Hindi,2.694,1.152,37.18,0.578,0.154,411.32,28,Moderate,synthetic_demo_features
SYN-AUD-0038,Hinglish,2.773,1.933,28.13,0.612,0.147,196.77,58,High,synthetic_demo_features
SYN-AUD-0039,Hindi,1.817,2.392,36.43,0.615,0.176,226.92,55,High,synthetic_demo_features
SYN-AUD-0040,Punjabi,1.765,1.695,35.17,0.46,0.216,123.23,67,High,synthetic_demo_features
SYN-AUD-0041,Hinglish,2.733,1.698,40.58,0.575,0.162,124.86,54,High,synthetic_demo_features
SYN-AUD-0042,Hindi,1.992,2.163,47.14,0.548,0.209,218.53,92,Critical,synthetic_demo_features
SYN-AUD-0043,English,3.231,1.408,35.96,0.704,0.13,81.85,49,Moderate,synthetic_demo_features
SYN-AUD-0044,Punjabi,2.148,1.826,52.05,0.461,0.139,287.14,76,Critical,synthetic_demo_features
SYN-AUD-0045,Hindi,3.36,0.523,29.71,0.641,0.069,415.27,13,Low,synthetic_demo_features
SYN-AUD-0046,Punjlish,2.648,1.556,48.4,0.465,0.213,297.54,54,High,synthetic_demo_features
SYN-AUD-0047,Hinglish,2.555,2.129,23.98,0.637,0.163,319.13,57,High,synthetic_demo_features
SYN-AUD-0048,English,2.088,1.195,37.47,0.637,0.078,137.9,42,Moderate,synthetic_demo_features
SYN-AUD-0049,Punjlish,3.012,0.835,27.27,0.752,0.038,256.68,18,Low,synthetic_demo_features
SYN-AUD-0050,Punjlish,3.13,1.167,32.44,0.663,0.186,319.07,43,Moderate,synthetic_demo_features
SYN-AUD-0051,English,3.114,1.049,38.21,0.465,0.092,259.62,47,Moderate,synthetic_demo_features
SYN-AUD-0052,Punjabi,1.663,2.071,58.39,0.418,0.128,78.24,84,Critical,synthetic_demo_features
SYN-AUD-0053,English,2.798,1.326,40.05,0.509,0.11,158.47,36,Moderate,synthetic_demo_features
SYN-AUD-0054,Hinglish,3.26,0.923,37.69,0.631,0.074,287.05,10,Low,synthetic_demo_features
SYN-AUD-0055,Hinglish,2.496,1.144,18.63,0.553,0.104,257.79,44,Moderate,synthetic_demo_features
SYN-AUD-0056,Punjlish,2.235,1.059,30.76,0.529,0.141,288.45,45,Moderate,synthetic_demo_features
SYN-AUD-0057,Hindi,2.747,0.626,39.84,0.77,0.048,414.06,8,Low,synthetic_demo_features
SYN-AUD-0058,Punjlish,2.768,1.337,21.47,0.551,0.165,49.87,43,Moderate,synthetic_demo_features
SYN-AUD-0059,Punjabi,2.96,0.929,35.66,0.568,0.062,359.76,48,Moderate,synthetic_demo_features
SYN-AUD-0060,Hindi,2.658,0.962,29.38,0.678,0.061,247.35,20,Low,synthetic_demo_features
SYN-AUD-0061,Hindi,1.881,1.31,18.25,0.56,0.134,113.78,44,Moderate,synthetic_demo_features
SYN-AUD-0062,Punjlish,2.232,1.028,39.49,0.397,0.099,191.41,43,Moderate,synthetic_demo_features
SYN-AUD-0063,English,2.586,1.778,40.58,0.306,0.177,356.7,51,High,synthetic_demo_features
SYN-AUD-0064,English,2.892,1.554,37.7,0.63,0.042,131.18,42,Moderate,synthetic_demo_features
SYN-AUD-0065,Punjlish,3.43,0.719,30.55,0.765,0.048,64.04,16,Low,synthetic_demo_features
SYN-AUD-0066,Hinglish,1.515,2.171,56.16,0.457,0.229,380.82,80,Critical,synthetic_demo_features
SYN-AUD-0067,Punjlish,2.254,1.738,36.24,0.634,0.087,391.51,29,Moderate,synthetic_demo_features
SYN-AUD-0068,Hinglish,2.458,0.776,29.56,0.774,0.026,364.34,21,Low,synthetic_demo_features
SYN-AUD-0069,Hindi,2.63,1.386,60.43,0.413,0.198,82.78,53,High,synthetic_demo_features
SYN-AUD-0070,Hindi,2.518,0.595,37.16,0.579,0.058,40.13,24,Low,synthetic_demo_features
SYN-AUD-0071,Punjabi,2.562,1.373,36.24,0.571,0.139,406.71,54,High,synthetic_demo_features
SYN-AUD-0072,Hinglish,1.884,1.863,59.93,0.502,0.22,306.85,63,High,synthetic_demo_features
SYN-AUD-0073,Punjabi,1.522,2.196,60.08,0.411,0.309,125.55,77,Critical,synthetic_demo_features
SYN-AUD-0074,Punjabi,2.955,2.327,58.63,0.549,0.169,172.29,76,Critical,synthetic_demo_features
SYN-AUD-0075,Punjabi,3.096,0.766,32.07,0.489,0.046,62.57,5,Low,synthetic_demo_features
SYN-AUD-0076,Punjlish,2.798,1.902,49.95,0.35,0.2,111.63,61,High,synthetic_demo_features
SYN-AUD-0077,Hinglish,3.547,0.777,34.89,0.513,0.107,384.46,35,Moderate,synthetic_demo_features
SYN-AUD-0078,Hinglish,2.812,1.315,35.59,0.398,0.152,373.96,72,High,synthetic_demo_features
SYN-AUD-0079,English,2.634,1.003,44.99,0.575,0.143,79.72,34,Moderate,synthetic_demo_features
SYN-AUD-0080,Hindi,2.803,0.799,36.27,0.647,0.06,205.16,24,Low,synthetic_demo_features
SYN-AUD-0081,Punjlish,2.797,0.928,32.37,0.802,0.027,112.09,17,Low,synthetic_demo_features
SYN-AUD-0082,Punjlish,2.515,0.593,35.73,0.68,0.04,97.46,22,Low,synthetic_demo_features
SYN-AUD-0083,Punjlish,3.578,0.69,24.07,0.744,0.046,47.4,22,Low,synthetic_demo_features
SYN-AUD-0084,English,3.296,0.962,28.87,0.621,0.065,100.08,20,Low,synthetic_demo_features
SYN-AUD-0085,Punjlish,1.492,1.059,59.14,0.404,0.23,264.33,94,Critical,synthetic_demo_features
SYN-AUD-0086,English,2.509,1.032,38.94,0.633,0.191,395.71,48,Moderate,synthetic_demo_features
SYN-AUD-0087,Punjabi,1.977,1.114,42.48,0.34,0.171,307.09,73,High,synthetic_demo_features
SYN-AUD-0088,Hinglish,3.131,1.512,29.62,0.59,0.134,201.65,56,High,synthetic_demo_features
SYN-AUD-0089,Punjabi,2.107,1.821,51.93,0.577,0.166,245.99,52,High,synthetic_demo_features
SYN-AUD-0090,Hindi,2.78,1.164,26.44,0.634,0.102,161.83,34,Moderate,synthetic_demo_features
SYN-AUD-0091,English,1.707,2.275,45.78,0.532,0.15,230.0,72,High,synthetic_demo_features
SYN-AUD-0092,Punjlish,2.501,1.937,44.02,0.281,0.093,113.75,57,High,synthetic_demo_features
SYN-AUD-0093,Hindi,2.992,1.373,44.18,0.563,0.129,178.74,58,High,synthetic_demo_features
SYN-AUD-0094,Punjlish,2.207,2.08,59.9,0.588,0.232,299.1,91,Critical,synthetic_demo_features
SYN-AUD-0095,Punjabi,3.006,1.322,29.45,0.599,0.1,240.41,31,Moderate,synthetic_demo_features
SYN-AUD-0096,Hindi,2.759,1.182,37.45,0.572,0.085,392.16,38,Moderate,synthetic_demo_features
SYN-AUD-0097,English,3.196,1.566,44.98,0.379,0.362,390.59,76,Critical,synthetic_demo_features
SYN-AUD-0098,English,2.799,1.283,47.89,0.689,0.082,412.55,33,Moderate,synthetic_demo_features
SYN-AUD-0099,Hindi,2.395,1.422,44.14,0.331,0.19,278.59,67,High,synthetic_demo_features
SYN-AUD-0100,Hindi,2.571,0.673,38.93,0.727,0.073,54.54,9,Low,synthetic_demo_features
SYN-AUD-0101,Hinglish,3.525,0.58,36.48,0.641,0.031,157.91,23,Low,synthetic_demo_features
SYN-AUD-0102,Punjlish,3.066,1.254,39.06,0.627,0.112,285.67,26,Moderate,synthetic_demo_features
SYN-AUD-0103,English,3.295,0.556,31.21,0.569,0.056,390.9,5,Low,synthetic_demo_features
SYN-AUD-0104,Punjlish,2.057,2.54,27.19,0.378,0.262,172.17,79,Critical,synthetic_demo_features
SYN-AUD-0105,English,3.385,0.95,34.25,0.751,0.054,183.92,5,Low,synthetic_demo_features
SYN-AUD-0106,Hinglish,2.402,1.479,58.63,0.652,0.239,127.31,63,High,synthetic_demo_features
SYN-AUD-0107,Punjlish,3.068,0.657,39.66,0.724,0.057,289.71,13,Low,synthetic_demo_features
SYN-AUD-0108,Punjabi,1.512,2.485,68.55,0.593,0.283,91.22,92,Critical,synthetic_demo_features
SYN-AUD-0109,Hinglish,3.556,0.983,37.53,0.707,0.125,391.02,46,Moderate,synthetic_demo_features
SYN-AUD-0110,English,2.654,0.984,24.82,0.664,0.049,95.39,16,Low,synthetic_demo_features
SYN-AUD-0111,English,3.16,0.74,39.29,0.99,0.064,298.38,19,Low,synthetic_demo_features
SYN-AUD-0112,Hinglish,2.445,1.147,33.72,0.579,0.171,183.31,49,Moderate,synthetic_demo_features
SYN-AUD-0113,Hinglish,1.456,2.802,51.41,0.257,0.283,174.59,83,Critical,synthetic_demo_features
SYN-AUD-0114,Hindi,1.629,2.15,60.81,0.378,0.19,243.43,94,Critical,synthetic_demo_features
SYN-AUD-0115,Punjabi,2.917,0.922,27.18,0.648,0.11,54.71,26,Moderate,synthetic_demo_features
SYN-AUD-0116,Punjlish,2.382,1.54,25.82,0.693,0.153,215.5,41,Moderate,synthetic_demo_features
SYN-AUD-0117,Hinglish,2.714,0.768,24.23,0.603,0.063,352.94,10,Low,synthetic_demo_features
SYN-AUD-0118,Hinglish,2.97,1.314,50.08,0.631,0.142,168.37,34,Moderate,synthetic_demo_features
SYN-AUD-0119,English,2.185,1.17,37.69,0.558,0.118,382.53,26,Moderate,synthetic_demo_features
SYN-AUD-0120,Hinglish,2.938,0.69,38.58,0.708,0.03,75.05,7,Low,synthetic_demo_features
SYN-AUD-0121,Punjabi,2.714,1.15,33.4,0.723,0.054,412.74,35,Moderate,synthetic_demo_features
SYN-AUD-0122,Punjabi,2.485,2.186,38.39,0.294,0.215,110.33,83,Critical,synthetic_demo_features
SYN-AUD-0123,Punjabi,2.886,0.785,34.91,0.581,0.036,194.96,13,Low,synthetic_demo_features
SYN-AUD-0124,Hindi,3.643,0.835,22.32,0.713,0.061,409.61,11,Low,synthetic_demo_features
SYN-AUD-0125,Punjabi,3.615,0.64,35.96,0.696,0.062,303.55,12,Low,synthetic_demo_features
SYN-AUD-0126,Hinglish,2.804,0.966,28.21,0.693,0.024,226.48,22,Low,synthetic_demo_features
SYN-AUD-0127,English,3.129,0.545,34.98,0.614,0.076,307.9,10,Low,synthetic_demo_features
SYN-AUD-0128,Hindi,2.384,1.379,58.69,0.5,0.162,64.64,66,High,synthetic_demo_features
SYN-AUD-0129,Hindi,2.549,0.861,25.4,0.592,0.067,358.71,9,Low,synthetic_demo_features
SYN-AUD-0130,Hindi,2.071,1.384,63.76,0.591,0.149,406.0,64,High,synthetic_demo_features
SYN-AUD-0131,Hinglish,1.697,2.247,57.43,0.42,0.255,335.77,92,Critical,synthetic_demo_features
SYN-AUD-0132,Hindi,1.867,2.008,54.78,0.471,0.252,155.38,88,Critical,synthetic_demo_features
SYN-AUD-0133,English,2.529,2.215,47.52,0.459,0.181,338.98,58,High,synthetic_demo_features
SYN-AUD-0134,English,2.602,0.996,33.12,0.626,0.047,401.36,15,Low,synthetic_demo_features
SYN-AUD-0135,Hinglish,2.929,0.823,35.44,0.621,0.054,359.04,16,Low,synthetic_demo_features
SYN-AUD-0136,Hindi,3.088,0.793,32.78,0.683,0.055,204.77,20,Low,synthetic_demo_features
SYN-AUD-0137,Hinglish,1.846,2.5,57.77,0.476,0.405,205.22,85,Critical,synthetic_demo_features
SYN-AUD-0138,Punjabi,1.862,1.753,48.23,0.501,0.264,331.72,90,Critical,synthetic_demo_features
SYN-AUD-0139,Hindi,2.55,1.155,43.8,0.656,0.06,393.36,34,Moderate,synthetic_demo_features
SYN-AUD-0140,Punjlish,2.888,1.152,50.53,0.542,0.107,247.1,29,Moderate,synthetic_demo_features
SYN-AUD-0141,Hinglish,2.671,1.133,33.89,0.54,0.144,138.95,35,Moderate,synthetic_demo_features
SYN-AUD-0142,Punjabi,3.11,0.59,35.12,0.567,0.063,225.25,10,Low,synthetic_demo_features
SYN-AUD-0143,Punjabi,1.418,2.255,63.12,0.349,0.204,71.21,94,Critical,synthetic_demo_features
SYN-AUD-0144,Punjlish,2.148,1.102,35.17,0.736,0.047,350.14,6,Low,synthetic_demo_features
SYN-AUD-0145,Punjlish,2.474,1.336,36.25,0.601,0.069,318.3,49,Moderate,synthetic_demo_features
SYN-AUD-0146,English,3.598,1.759,51.06,0.695,0.097,32.91,27,Moderate,synthetic_demo_features
SYN-AUD-0147,Punjabi,2.456,1.025,38.77,0.677,0.025,320.0,23,Low,synthetic_demo_features
SYN-AUD-0148,Hinglish,3.078,0.799,40.29,0.504,0.043,86.78,31,Moderate,synthetic_demo_features
SYN-AUD-0149,Punjlish,2.727,1.256,38.43,0.261,0.061,126.34,73,High,synthetic_demo_features
SYN-AUD-0150,Hinglish,3.032,0.676,30.21,0.75,0.04,274.88,8,Low,synthetic_demo_features
SYN-AUD-0151,English,2.472,1.068,40.35,0.492,0.118,131.41,42,Moderate,synthetic_demo_features
SYN-AUD-0152,English,3.254,1.158,45.36,0.419,0.081,360.88,33,Moderate,synthetic_demo_features
SYN-AUD-0153,Punjabi,2.314,0.786,40.74,0.617,0.046,46.97,5,Low,synthetic_demo_features
SYN-AUD-0154,Hinglish,3.548,0.867,39.97,0.651,0.035,196.5,21,Low,synthetic_demo_features
SYN-AUD-0155,Hinglish,3.169,0.742,27.97,0.72,0.027,193.38,14,Low,synthetic_demo_features
SYN-AUD-0156,Hinglish,3.406,0.741,35.79,0.694,0.065,57.22,19,Low,synthetic_demo_features
SYN-AUD-0157,Hinglish,3.104,1.178,44.32,0.642,0.069,395.08,46,Moderate,synthetic_demo_features
SYN-AUD-0158,Hindi,2.214,2.028,44.22,0.602,0.191,383.18,71,High,synthetic_demo_features
SYN-AUD-0159,Hinglish,2.455,2.117,45.46,0.553,0.172,72.05,73,High,synthetic_demo_features
SYN-AUD-0160,Hindi,2.541,2.236,54.57,0.36,0.23,415.95,78,Critical,synthetic_demo_features
SYN-AUD-0161,Hindi,3.0,0.923,45.82,0.572,0.061,209.51,29,Moderate,synthetic_demo_features
SYN-AUD-0162,Hindi,2.469,1.948,53.67,0.64,0.206,111.11,56,High,synthetic_demo_features
SYN-AUD-0163,Hindi,2.83,1.522,35.7,0.55,0.156,416.93,60,High,synthetic_demo_features
SYN-AUD-0164,Punjabi,2.802,0.633,34.31,0.637,0.053,376.81,10,Low,synthetic_demo_features
SYN-AUD-0165,Hinglish,2.986,1.351,31.69,0.475,0.101,333.2,37,Moderate,synthetic_demo_features
SYN-AUD-0166,Hinglish,2.495,1.274,50.02,0.598,0.035,367.55,40,Moderate,synthetic_demo_features
SYN-AUD-0167,Punjlish,1.771,1.71,43.74,0.51,0.18,227.34,53,High,synthetic_demo_features
SYN-AUD-0168,English,3.211,1.171,35.2,0.52,0.027,169.82,31,Moderate,synthetic_demo_features
SYN-AUD-0169,Hindi,3.16,0.903,29.52,0.66,0.07,216.39,18,Low,synthetic_demo_features
SYN-AUD-0170,Hinglish,2.362,2.216,54.52,0.355,0.153,81.19,87,Critical,synthetic_demo_features
SYN-AUD-0171,English,2.898,0.58,31.78,0.655,0.027,237.22,16,Low,synthetic_demo_features
SYN-AUD-0172,Punjabi,1.723,2.617,29.17,0.231,0.24,390.89,88,Critical,synthetic_demo_features
SYN-AUD-0173,Punjabi,2.107,1.379,45.93,0.456,0.248,177.57,51,High,synthetic_demo_features
SYN-AUD-0174,Hinglish,3.464,1.632,51.56,0.565,0.207,279.42,51,High,synthetic_demo_features
SYN-AUD-0175,Punjabi,2.395,1.498,49.26,0.703,0.231,300.69,68,High,synthetic_demo_features
SYN-AUD-0176,Hinglish,2.696,0.761,37.69,0.799,0.035,353.33,21,Low,synthetic_demo_features
SYN-AUD-0177,English,2.393,2.338,48.07,0.525,0.155,262.26,56,High,synthetic_demo_features
SYN-AUD-0178,Hinglish,1.884,1.577,55.15,0.487,0.145,413.96,53,High,synthetic_demo_features
SYN-AUD-0179,Hinglish,2.148,1.774,33.92,0.41,0.176,293.55,62,High,synthetic_demo_features
SYN-AUD-0180,Punjabi,2.749,0.64,34.73,0.523,0.03,91.27,10,Low,synthetic_demo_features
SYN-AUD-0181,Hinglish,2.369,0.805,41.84,0.814,0.014,158.09,6,Low,synthetic_demo_features
SYN-AUD-0182,Punjabi,2.223,1.172,47.83,0.634,0.071,261.13,39,Moderate,synthetic_demo_features
SYN-AUD-0183,Hindi,2.399,0.994,38.63,0.562,0.094,79.85,48,Moderate,synthetic_demo_features
SYN-AUD-0184,Punjlish,2.916,1.237,35.73,0.616,0.133,373.37,32,Moderate,synthetic_demo_features
SYN-AUD-0185,Hindi,2.873,1.314,64.05,0.366,0.153,366.74,59,High,synthetic_demo_features
SYN-AUD-0186,Hinglish,2.123,1.525,42.29,0.51,0.154,317.74,69,High,synthetic_demo_features
SYN-AUD-0187,Punjlish,2.376,1.706,56.39,0.631,0.161,55.03,68,High,synthetic_demo_features
SYN-AUD-0188,Hinglish,3.269,0.714,24.89,0.665,0.078,315.17,16,Low,synthetic_demo_features
SYN-AUD-0189,Punjabi,2.401,1.462,32.78,0.6,0.109,333.73,47,Moderate,synthetic_demo_features
SYN-AUD-0190,Hindi,2.404,1.42,51.85,0.527,0.027,88.48,32,Moderate,synthetic_demo_features
SYN-AUD-0191,Punjlish,2.954,0.883,29.26,0.658,0.048,128.75,5,Low,synthetic_demo_features
SYN-AUD-0192,English,2.568,0.621,32.84,0.59,0.019,214.46,5,Low,synthetic_demo_features
SYN-AUD-0193,Punjlish,2.553,1.273,39.5,0.634,0.124,36.35,29,Moderate,synthetic_demo_features
SYN-AUD-0194,English,2.916,0.878,29.54,0.683,0.065,221.41,17,Low,synthetic_demo_features
SYN-AUD-0195,English,3.303,1.482,37.05,0.562,0.0,263.42,42,Moderate,synthetic_demo_features
SYN-AUD-0196,Hindi,3.077,0.823,36.18,0.792,0.049,183.5,9,Low,synthetic_demo_features
SYN-AUD-0197,English,2.541,0.716,29.76,0.727,0.031,381.57,6,Low,synthetic_demo_features
SYN-AUD-0198,Punjlish,2.843,0.922,35.85,0.773,0.043,202.73,6,Low,synthetic_demo_features
SYN-AUD-0199,Punjabi,1.725,1.275,46.09,0.62,0.14,132.94,69,High,synthetic_demo_features
SYN-AUD-0200,Hinglish,2.929,1.081,33.73,0.459,0.077,32.73,41,Moderate,synthetic_demo_features
SYN-AUD-0201,Hindi,2.404,1.509,33.32,0.708,0.156,166.73,45,Moderate,synthetic_demo_features
SYN-AUD-0202,Punjlish,3.801,0.858,30.06,0.756,0.064,114.95,14,Low,synthetic_demo_features
SYN-AUD-0203,Hinglish,2.143,1.666,60.0,0.428,0.257,336.51,81,Critical,synthetic_demo_features
SYN-AUD-0204,Hindi,2.353,1.398,49.92,0.53,0.122,225.45,31,Moderate,synthetic_demo_features
SYN-AUD-0205,Hinglish,1.663,1.244,38.19,0.286,0.24,30.95,69,High,synthetic_demo_features
SYN-AUD-0206,Hindi,1.824,0.744,37.98,0.757,0.072,95.29,41,Moderate,synthetic_demo_features
SYN-AUD-0207,Hindi,2.375,2.125,42.54,0.431,0.241,352.7,71,High,synthetic_demo_features
SYN-AUD-0208,Hinglish,1.692,2.833,55.28,0.473,0.248,273.79,89,Critical,synthetic_demo_features
SYN-AUD-0209,Hinglish,2.523,1.44,36.38,0.445,0.033,139.58,49,Moderate,synthetic_demo_features
SYN-AUD-0210,English,1.832,1.805,47.37,0.494,0.192,172.52,70,High,synthetic_demo_features
SYN-AUD-0211,Hinglish,2.887,0.864,41.84,0.815,0.023,370.73,20,Low,synthetic_demo_features
SYN-AUD-0212,English,3.034,2.054,49.51,0.517,0.239,243.65,70,High,synthetic_demo_features
SYN-AUD-0213,Hindi,2.883,1.113,44.14,0.653,0.092,409.94,27,Moderate,synthetic_demo_features
SYN-AUD-0214,Hindi,3.582,0.688,30.42,0.708,0.06,417.2,15,Low,synthetic_demo_features
SYN-AUD-0215,Punjlish,2.19,2.439,73.11,0.385,0.235,39.06,76,Critical,synthetic_demo_features
SYN-AUD-0216,Punjabi,1.68,1.962,50.2,0.472,0.165,142.65,58,High,synthetic_demo_features
SYN-AUD-0217,English,3.071,0.905,21.31,0.735,0.017,172.29,9,Low,synthetic_demo_features
SYN-AUD-0218,Punjlish,2.644,1.679,32.2,0.443,0.215,183.26,84,Critical,synthetic_demo_features
SYN-AUD-0219,Punjlish,1.903,0.941,33.4,0.652,0.152,278.25,34,Moderate,synthetic_demo_features
SYN-AUD-0220,Punjabi,1.729,1.298,49.76,0.691,0.119,337.22,37,Moderate,synthetic_demo_features
SYN-AUD-0221,Hindi,3.22,1.204,34.52,0.594,0.148,114.33,54,High,synthetic_demo_features
SYN-AUD-0222,Punjlish,2.884,1.105,28.83,0.764,0.099,298.38,34,Moderate,synthetic_demo_features
SYN-AUD-0223,Hindi,2.492,1.072,49.57,0.712,0.025,39.58,47,Moderate,synthetic_demo_features
SYN-AUD-0224,Hinglish,1.885,1.792,32.5,0.453,0.13,241.19,73,High,synthetic_demo_features
SYN-AUD-0225,Hindi,3.063,0.648,41.44,0.719,0.086,247.09,7,Low,synthetic_demo_features
SYN-AUD-0226,Hinglish,3.403,1.055,36.57,0.645,0.05,314.34,39,Moderate,synthetic_demo_features
SYN-AUD-0227,Hindi,3.208,1.423,48.4,0.57,0.065,224.09,26,Moderate,synthetic_demo_features
SYN-AUD-0228,Hinglish,1.708,1.898,62.25,0.519,0.22,361.98,74,High,synthetic_demo_features
SYN-AUD-0229,Punjlish,2.344,0.917,22.72,0.578,0.06,130.31,14,Low,synthetic_demo_features
SYN-AUD-0230,Punjabi,3.2,0.881,30.71,0.592,0.061,259.05,5,Low,synthetic_demo_features
SYN-AUD-0231,English,2.49,1.291,52.9,0.5,0.146,199.82,73,High,synthetic_demo_features
SYN-AUD-0232,Hindi,3.311,0.587,26.04,0.654,0.082,206.09,14,Low,synthetic_demo_features
SYN-AUD-0233,Punjlish,3.241,1.537,28.61,0.353,0.097,213.31,30,Moderate,synthetic_demo_features
SYN-AUD-0234,Hindi,1.958,2.313,23.72,0.463,0.149,367.67,52,High,synthetic_demo_features
SYN-AUD-0235,English,2.779,1.227,54.63,0.551,0.086,93.39,61,High,synthetic_demo_features
SYN-AUD-0236,Punjlish,3.363,0.773,24.29,0.663,0.057,419.04,13,Low,synthetic_demo_features
SYN-AUD-0237,English,3.199,2.051,42.65,0.47,0.188,186.36,65,High,synthetic_demo_features
SYN-AUD-0238,Hinglish,1.751,1.675,34.31,0.388,0.252,287.05,60,High,synthetic_demo_features
SYN-AUD-0239,English,1.895,1.051,41.69,0.597,0.014,250.5,31,Moderate,synthetic_demo_features
SYN-AUD-0240,Punjabi,2.928,1.471,23.58,0.4,0.115,167.39,68,High,synthetic_demo_features
SYN-AUD-0241,Hinglish,2.148,2.199,46.07,0.59,0.088,398.74,56,High,synthetic_demo_features
SYN-AUD-0242,Punjlish,2.74,1.226,29.05,0.589,0.054,417.2,47,Moderate,synthetic_demo_features
SYN-AUD-0243,Hinglish,2.894,1.041,17.73,0.428,0.162,49.13,26,Moderate,synthetic_demo_features
SYN-AUD-0244,English,2.645,2.219,44.0,0.46,0.174,339.14,73,High,synthetic_demo_features
SYN-AUD-0245,Hinglish,2.185,2.283,77.58,0.474,0.309,337.22,80,Critical,synthetic_demo_features
SYN-AUD-0246,Punjabi,2.411,1.299,43.51,0.584,0.196,213.63,30,Moderate,synthetic_demo_features
SYN-AUD-0247,Hinglish,2.694,2.317,31.63,0.637,0.12,333.4,64,High,synthetic_demo_features
SYN-AUD-0248,Punjabi,2.905,1.296,40.87,0.51,0.161,414.08,65,High,synthetic_demo_features
SYN-AUD-0249,Punjabi,2.539,1.443,33.03,0.467,0.123,362.63,56,High,synthetic_demo_features
SYN-AUD-0250,Hinglish,1.792,3.093,43.17,0.418,0.278,264.34,77,Critical,synthetic_demo_features
SYN-AUD-0251,Punjlish,3.15,0.958,28.01,0.753,0.068,416.84,16,Low,synthetic_demo_features
SYN-AUD-0252,Punjabi,2.682,0.923,16.09,0.719,0.071,187.76,6,Low,synthetic_demo_features
SYN-AUD-0253,English,2.27,1.07,34.06,0.519,0.07,183.0,31,Moderate,synthetic_demo_features
SYN-AUD-0254,Hindi,3.45,1.101,40.75,0.528,0.076,125.5,46,Moderate,synthetic_demo_features
SYN-AUD-0255,Hindi,2.217,1.246,46.61,0.419,0.078,280.55,39,Moderate,synthetic_demo_features
SYN-AUD-0256,Punjlish,2.834,1.544,45.52,0.646,0.193,375.9,56,High,synthetic_demo_features
SYN-AUD-0257,English,1.628,2.389,58.18,0.293,0.251,294.49,84,Critical,synthetic_demo_features
SYN-AUD-0258,Hinglish,3.033,1.319,35.57,0.664,0.065,273.31,47,Moderate,synthetic_demo_features
SYN-AUD-0259,Punjabi,2.536,1.675,37.78,0.54,0.071,243.82,61,High,synthetic_demo_features
SYN-AUD-0260,Hindi,2.64,0.861,28.66,0.677,0.062,275.8,12,Low,synthetic_demo_features
SYN-AUD-0261,Hinglish,2.374,1.085,43.1,0.488,0.093,227.73,27,Moderate,synthetic_demo_features
SYN-AUD-0262,Hinglish,2.647,0.522,35.12,0.757,0.014,266.25,6,Low,synthetic_demo_features
SYN-AUD-0263,Hinglish,2.938,1.096,30.45,0.587,0.11,132.4,26,Moderate,synthetic_demo_features
SYN-AUD-0264,English,2.267,1.306,41.77,0.598,0.104,301.9,49,Moderate,synthetic_demo_features
SYN-AUD-0265,Hindi,2.927,1.443,57.09,0.623,0.155,97.1,54,High,synthetic_demo_features
SYN-AUD-0266,Punjabi,1.955,1.569,57.33,0.592,0.117,375.81,68,High,synthetic_demo_features
SYN-AUD-0267,Punjabi,2.497,1.789,39.87,0.574,0.148,112.36,32,Moderate,synthetic_demo_features
SYN-AUD-0268,Hinglish,2.416,0.732,38.29,0.806,0.035,289.26,24,Low,synthetic_demo_features
SYN-AUD-0269,Punjabi,2.782,0.76,37.26,0.636,0.011,79.4,20,Low,synthetic_demo_features
SYN-AUD-0270,Punjlish,1.161,2.066,35.29,0.594,0.37,365.48,87,Critical,synthetic_demo_features
SYN-AUD-0271,English,1.524,2.316,40.48,0.399,0.348,43.37,77,Critical,synthetic_demo_features
SYN-AUD-0272,Punjabi,2.323,1.487,11.89,0.54,0.098,298.58,31,Moderate,synthetic_demo_features
SYN-AUD-0273,Hinglish,3.421,0.588,44.56,0.566,0.076,246.67,23,Low,synthetic_demo_features
SYN-AUD-0274,Punjlish,2.536,1.192,39.67,0.497,0.091,305.15,30,Moderate,synthetic_demo_features
SYN-AUD-0275,Hindi,1.982,1.298,41.8,0.543,0.176,165.67,57,High,synthetic_demo_features
SYN-AUD-0276,English,2.888,1.202,44.53,0.644,0.093,109.78,27,Moderate,synthetic_demo_features
SYN-AUD-0277,Hindi,3.215,0.518,36.66,0.678,0.04,91.33,7,Low,synthetic_demo_features
SYN-AUD-0278,Hindi,3.219,2.008,47.76,0.529,0.125,291.44,40,Moderate,synthetic_demo_features
SYN-AUD-0279,Punjabi,2.559,0.791,36.85,0.551,0.036,324.34,19,Low,synthetic_demo_features
SYN-AUD-0280,Hinglish,3.267,0.847,56.82,0.442,0.019,321.95,28,Moderate,synthetic_demo_features
SYN-AUD-0281,Hindi,2.986,0.789,30.83,0.613,0.059,399.28,17,Low,synthetic_demo_features
SYN-AUD-0282,English,2.269,1.362,29.12,0.483,0.107,411.01,65,High,synthetic_demo_features
SYN-AUD-0283,Punjabi,1.989,1.553,39.28,0.576,0.059,273.96,48,Moderate,synthetic_demo_features
SYN-AUD-0284,Punjabi,2.76,0.83,21.9,0.549,0.028,127.61,9,Low,synthetic_demo_features
SYN-AUD-0285,Hindi,3.12,0.97,42.6,0.57,0.062,83.62,33,Moderate,synthetic_demo_features
SYN-AUD-0286,Punjabi,2.448,1.21,36.96,0.566,0.083,228.5,48,Moderate,synthetic_demo_features
SYN-AUD-0287,Punjlish,1.989,1.343,43.59,0.573,0.179,222.59,62,High,synthetic_demo_features
SYN-AUD-0288,English,2.286,1.121,61.57,0.243,0.155,414.56,80,Critical,synthetic_demo_features
SYN-AUD-0289,Hinglish,3.587,0.906,34.14,0.531,0.053,302.44,10,Low,synthetic_demo_features
SYN-AUD-0290,English,2.07,1.988,62.43,0.236,0.245,86.98,76,Critical,synthetic_demo_features
SYN-AUD-0291,Hinglish,2.487,1.309,47.64,0.479,0.137,84.67,65,High,synthetic_demo_features
SYN-AUD-0292,Punjlish,2.004,1.702,43.22,0.439,0.249,59.52,67,High,synthetic_demo_features
SYN-AUD-0293,English,2.758,0.943,34.51,0.551,0.05,246.48,43,Moderate,synthetic_demo_features
SYN-AUD-0294,English,2.558,1.058,61.67,0.52,0.017,117.57,31,Moderate,synthetic_demo_features
SYN-AUD-0295,Hinglish,3.468,0.698,39.67,0.739,0.046,83.42,22,Low,synthetic_demo_features
SYN-AUD-0296,Punjabi,2.395,2.379,43.88,0.413,0.359,100.73,79,Critical,synthetic_demo_features
SYN-AUD-0297,Hinglish,3.048,1.335,40.19,0.59,0.136,182.89,31,Moderate,synthetic_demo_features
SYN-AUD-0298,Hindi,2.422,1.296,37.46,0.552,0.207,397.78,30,Moderate,synthetic_demo_features
SYN-AUD-0299,English,2.355,1.233,58.55,0.493,0.071,57.69,29,Moderate,synthetic_demo_features
SYN-AUD-0300,Hinglish,2.703,0.933,28.79,0.732,0.023,336.04,22,Low,synthetic_demo_features
SYN-AUD-0301,Hinglish,2.451,1.028,22.82,0.597,0.058,407.79,24,Low,synthetic_demo_features
SYN-AUD-0302,Hindi,3.268,1.349,44.04,0.479,0.206,312.4,70,High,synthetic_demo_features
SYN-AUD-0303,Punjabi,2.57,1.143,43.99,0.475,0.181,225.26,38,Moderate,synthetic_demo_features
SYN-AUD-0304,Hinglish,1.828,1.246,37.26,0.403,0.149,364.17,63,High,synthetic_demo_features
SYN-AUD-0305,Hindi,1.909,1.943,38.17,0.411,0.15,326.21,66,High,synthetic_demo_features
SYN-AUD-0306,Punjlish,2.66,0.842,28.86,0.465,0.152,390.28,48,Moderate,synthetic_demo_features
SYN-AUD-0307,Punjabi,1.962,1.502,37.75,0.411,0.193,72.61,52,High,synthetic_demo_features
SYN-AUD-0308,English,3.438,0.996,36.03,0.646,0.062,403.57,10,Low,synthetic_demo_features
SYN-AUD-0309,English,2.532,1.792,47.27,0.674,0.098,89.37,62,High,synthetic_demo_features
SYN-AUD-0310,Hindi,1.717,1.437,29.49,0.565,0.118,211.33,59,High,synthetic_demo_features
SYN-AUD-0311,Punjlish,2.765,0.76,24.18,0.649,0.101,139.12,9,Low,synthetic_demo_features
SYN-AUD-0312,Hinglish,2.786,0.794,32.78,0.646,0.061,347.16,13,Low,synthetic_demo_features
SYN-AUD-0313,Hindi,3.13,0.625,36.37,0.679,0.013,63.63,9,Low,synthetic_demo_features
SYN-AUD-0314,Hindi,3.243,0.763,43.11,0.766,0.029,266.27,5,Low,synthetic_demo_features
SYN-AUD-0315,Hindi,2.211,1.656,37.92,0.664,0.089,176.93,42,Moderate,synthetic_demo_features
SYN-AUD-0316,English,3.387,0.847,25.66,0.81,0.044,272.66,13,Low,synthetic_demo_features
SYN-AUD-0317,Punjlish,2.635,1.735,47.0,0.46,0.141,339.17,68,High,synthetic_demo_features
SYN-AUD-0318,Punjlish,3.224,0.765,37.69,0.674,0.04,155.16,23,Low,synthetic_demo_features
SYN-AUD-0319,Hindi,3.081,0.569,25.83,0.519,0.046,374.18,19,Low,synthetic_demo_features
SYN-AUD-0320,Hindi,2.957,1.788,41.23,0.511,0.075,284.26,49,Moderate,synthetic_demo_features
SYN-AUD-0321,Punjabi,2.805,0.948,38.16,0.548,0.034,333.29,12,Low,synthetic_demo_features
SYN-AUD-0322,English,2.514,3.416,46.41,0.388,0.275,231.54,83,Critical,synthetic_demo_features
SYN-AUD-0323,Hindi,2.534,0.545,38.99,0.564,0.151,114.37,40,Moderate,synthetic_demo_features
SYN-AUD-0324,English,2.91,0.486,24.73,0.731,0.045,267.2,15,Low,synthetic_demo_features
SYN-AUD-0325,Hinglish,2.915,0.729,37.74,0.734,0.063,298.49,15,Low,synthetic_demo_features
SYN-AUD-0326,Punjabi,3.234,0.939,29.35,0.648,0.04,329.43,26,Moderate,synthetic_demo_features
SYN-AUD-0327,English,3.129,1.185,38.45,0.626,0.073,40.4,34,Moderate,synthetic_demo_features
SYN-AUD-0328,Punjabi,2.337,1.557,45.17,0.659,0.148,205.01,67,High,synthetic_demo_features
SYN-AUD-0329,Hindi,2.683,1.364,44.69,0.59,0.138,306.86,30,Moderate,synthetic_demo_features
SYN-AUD-0330,Punjlish,2.793,2.249,44.3,0.367,0.203,406.4,52,High,synthetic_demo_features
SYN-AUD-0331,Punjabi,3.213,1.686,42.96,0.601,0.045,355.58,39,Moderate,synthetic_demo_features
SYN-AUD-0332,Hindi,2.445,1.719,50.72,0.49,0.217,91.74,65,High,synthetic_demo_features
SYN-AUD-0333,Punjabi,3.181,1.668,43.86,0.732,0.107,89.72,30,Moderate,synthetic_demo_features
SYN-AUD-0334,English,2.999,0.683,28.91,0.591,0.061,336.6,16,Low,synthetic_demo_features
SYN-AUD-0335,Punjlish,2.095,1.877,53.8,0.387,0.106,366.16,54,High,synthetic_demo_features
SYN-AUD-0336,Punjlish,2.596,2.266,62.19,0.574,0.205,321.84,65,High,synthetic_demo_features
SYN-AUD-0337,English,2.514,1.412,35.3,0.692,0.098,380.09,26,Moderate,synthetic_demo_features
SYN-AUD-0338,Punjlish,1.765,1.954,55.25,0.353,0.297,117.94,82,Critical,synthetic_demo_features
SYN-AUD-0339,Punjabi,1.492,1.435,51.95,0.72,0.316,337.2,76,Critical,synthetic_demo_features
SYN-AUD-0340,Hindi,3.255,0.595,40.22,0.667,0.048,157.47,9,Low,synthetic_demo_features
SYN-AUD-0341,Hindi,2.01,1.103,49.23,0.296,0.155,238.29,62,High,synthetic_demo_features
SYN-AUD-0342,English,3.117,1.355,57.28,0.527,0.116,339.74,42,Moderate,synthetic_demo_features
SYN-AUD-0343,Punjlish,2.675,1.63,33.75,0.707,0.124,143.64,31,Moderate,synthetic_demo_features
SYN-AUD-0344,Hindi,2.805,1.289,36.35,0.517,0.087,336.68,45,Moderate,synthetic_demo_features
SYN-AUD-0345,Hinglish,1.794,1.624,52.48,0.584,0.081,244.06,51,High,synthetic_demo_features
SYN-AUD-0346,Punjabi,2.721,1.536,31.43,0.396,0.132,320.39,40,Moderate,synthetic_demo_features
SYN-AUD-0347,English,2.637,1.508,27.89,0.79,0.066,410.83,39,Moderate,synthetic_demo_features
SYN-AUD-0348,Punjabi,3.015,0.78,23.06,0.906,0.04,311.88,8,Low,synthetic_demo_features
SYN-AUD-0349,Hinglish,3.426,1.482,28.39,0.599,0.025,357.78,38,Moderate,synthetic_demo_features
SYN-AUD-0350,Punjabi,1.639,2.199,57.34,0.404,0.331,266.96,83,Critical,synthetic_demo_features
SYN-AUD-0351,Hindi,1.797,2.295,37.97,0.674,0.271,165.21,60,High,synthetic_demo_features
SYN-AUD-0352,English,1.921,0.771,38.61,0.754,0.026,175.63,19,Low,synthetic_demo_features
SYN-AUD-0353,Hindi,2.186,1.353,65.57,0.548,0.212,91.28,89,Critical,synthetic_demo_features
SYN-AUD-0354,Punjabi,2.459,1.298,52.22,0.336,0.079,47.13,52,High,synthetic_demo_features
SYN-AUD-0355,Hindi,2.809,1.038,53.09,0.594,0.109,312.78,37,Moderate,synthetic_demo_features
SYN-AUD-0356,English,3.202,0.866,36.42,0.534,0.014,391.02,5,Low,synthetic_demo_features
SYN-AUD-0357,Hinglish,2.932,1.205,42.65,0.468,0.1,73.11,47,Moderate,synthetic_demo_features
SYN-AUD-0358,English,2.343,0.852,23.19,0.649,0.068,224.79,24,Low,synthetic_demo_features
SYN-AUD-0359,Hinglish,2.099,0.776,38.94,0.63,0.118,30.5,26,Moderate,synthetic_demo_features
SYN-AUD-0360,English,2.227,1.324,41.6,0.368,0.128,181.35,66,High,synthetic_demo_features
SYN-AUD-0361,English,3.379,1.594,50.5,0.288,0.217,253.19,84,Critical,synthetic_demo_features
SYN-AUD-0362,Punjabi,2.52,1.152,34.56,0.454,0.074,383.83,41,Moderate,synthetic_demo_features
SYN-AUD-0363,English,2.602,1.618,43.48,0.328,0.197,310.05,64,High,synthetic_demo_features
SYN-AUD-0364,Hinglish,2.592,2.115,39.72,0.428,0.261,345.6,78,Critical,synthetic_demo_features
SYN-AUD-0365,English,3.197,0.875,29.92,0.548,0.059,88.48,20,Low,synthetic_demo_features
SYN-AUD-0366,English,3.053,0.517,32.49,0.721,0.063,120.7,24,Low,synthetic_demo_features
SYN-AUD-0367,Hindi,2.925,1.844,33.97,0.421,0.182,157.48,53,High,synthetic_demo_features
SYN-AUD-0368,Hindi,2.721,1.073,35.58,0.294,0.125,365.66,70,High,synthetic_demo_features
SYN-AUD-0369,Hindi,2.794,1.04,36.23,0.623,0.037,58.83,36,Moderate,synthetic_demo_features
SYN-AUD-0370,English,1.879,1.438,46.13,0.528,0.139,400.56,57,High,synthetic_demo_features
SYN-AUD-0371,Punjlish,3.485,1.168,37.67,0.717,0.078,247.22,41,Moderate,synthetic_demo_features
SYN-AUD-0372,Punjlish,2.834,1.826,45.03,0.355,0.167,155.41,60,High,synthetic_demo_features
SYN-AUD-0373,Punjabi,2.24,1.564,39.02,0.525,0.192,293.63,60,High,synthetic_demo_features
SYN-AUD-0374,Hindi,2.424,0.839,28.96,0.827,0.088,220.2,6,Low,synthetic_demo_features
SYN-AUD-0375,Hindi,3.199,0.931,36.55,0.652,0.076,240.29,12,Low,synthetic_demo_features
SYN-AUD-0376,English,2.462,0.897,30.44,0.717,0.055,226.45,7,Low,synthetic_demo_features
SYN-AUD-0377,English,2.354,2.11,34.54,0.487,0.191,315.62,83,Critical,synthetic_demo_features
SYN-AUD-0378,English,2.127,2.157,26.41,0.392,0.31,47.4,81,Critical,synthetic_demo_features
SYN-AUD-0379,Punjlish,2.819,1.978,56.22,0.223,0.257,76.34,53,High,synthetic_demo_features
SYN-AUD-0380,Hinglish,2.726,0.535,32.04,0.658,0.063,275.26,13,Low,synthetic_demo_features
SYN-AUD-0381,Hinglish,2.604,1.331,35.95,0.549,0.141,251.69,41,Moderate,synthetic_demo_features
SYN-AUD-0382,Punjabi,2.941,0.479,31.11,0.619,0.047,31.08,14,Low,synthetic_demo_features
SYN-AUD-0383,English,2.284,0.88,47.78,0.493,0.1,302.4,32,Moderate,synthetic_demo_features
SYN-AUD-0384,Hinglish,3.278,0.845,36.34,0.79,0.059,317.82,13,Low,synthetic_demo_features
SYN-AUD-0385,Hindi,2.663,1.481,62.2,0.494,0.174,137.3,61,High,synthetic_demo_features
SYN-AUD-0386,English,3.062,0.935,23.17,0.657,0.067,121.85,12,Low,synthetic_demo_features
SYN-AUD-0387,English,1.641,1.108,53.7,0.587,0.16,392.95,70,High,synthetic_demo_features
SYN-AUD-0388,Hindi,1.634,1.882,54.28,0.52,0.17,376.4,79,Critical,synthetic_demo_features
SYN-AUD-0389,English,2.538,1.697,40.54,0.625,0.143,124.9,53,High,synthetic_demo_features
SYN-AUD-0390,Hindi,2.75,0.877,33.92,0.728,0.061,301.64,16,Low,synthetic_demo_features
SYN-AUD-0391,Hinglish,1.271,1.727,43.56,0.333,0.246,212.96,78,Critical,synthetic_demo_features
SYN-AUD-0392,Punjlish,2.577,2.449,42.44,0.337,0.223,107.81,67,High,synthetic_demo_features
SYN-AUD-0393,Hindi,2.908,1.174,36.47,0.474,0.1,324.12,30,Moderate,synthetic_demo_features
SYN-AUD-0394,Punjabi,1.976,1.263,37.9,0.539,0.187,415.07,57,High,synthetic_demo_features
SYN-AUD-0395,Punjabi,2.189,1.796,60.27,0.354,0.181,77.98,78,Critical,synthetic_demo_features
SYN-AUD-0396,Punjlish,3.0,1.234,40.87,0.422,0.055,307.81,38,Moderate,synthetic_demo_features
SYN-AUD-0397,Punjlish,3.311,1.298,39.08,0.44,0.091,235.14,47,Moderate,synthetic_demo_features
SYN-AUD-0398,English,2.474,0.76,49.04,0.574,0.03,174.66,35,Moderate,synthetic_demo_features
SYN-AUD-0399,English,2.954,0.831,28.98,0.742,0.052,393.2,14,Low,synthetic_demo_features
SYN-AUD-0400,Punjlish,3.72,1.502,36.97,0.397,0.159,37.09,62,High,synthetic_demo_features
SYN-AUD-0401,Hindi,2.333,0.824,23.89,0.649,0.062,353.1,18,Low,synthetic_demo_features
SYN-AUD-0402,Hinglish,2.64,1.019,31.04,0.516,0.133,219.26,39,Moderate,synthetic_demo_features
SYN-AUD-0403,English,2.866,0.947,35.07,0.508,0.132,115.39,38,Moderate,synthetic_demo_features
SYN-AUD-0404,English,2.793,0.902,39.4,0.79,0.061,73.44,21,Low,synthetic_demo_features
SYN-AUD-0405,Punjabi,2.242,0.739,41.49,0.489,0.097,35.83,48,Moderate,synthetic_demo_features
SYN-AUD-0406,Hindi,3.075,1.408,39.56,0.54,0.104,277.8,27,Moderate,synthetic_demo_features
SYN-AUD-0407,Punjabi,3.747,1.246,41.6,0.517,0.141,251.45,40,Moderate,synthetic_demo_features
SYN-AUD-0408,Punjlish,3.075,0.955,39.63,0.703,0.048,391.7,19,Low,synthetic_demo_features
SYN-AUD-0409,Hinglish,2.027,1.681,28.59,0.583,0.122,134.13,74,High,synthetic_demo_features
SYN-AUD-0410,Punjlish,2.018,2.045,51.19,0.424,0.213,213.88,87,Critical,synthetic_demo_features
SYN-AUD-0411,Punjabi,1.858,1.149,34.25,0.618,0.042,132.98,27,Moderate,synthetic_demo_features
SYN-AUD-0412,Hinglish,3.128,1.283,28.53,0.536,0.135,31.54,47,Moderate,synthetic_demo_features
SYN-AUD-0413,Punjlish,2.997,0.742,48.17,0.647,0.059,388.01,9,Low,synthetic_demo_features
SYN-AUD-0414,Punjabi,3.305,0.712,31.67,0.608,0.027,44.01,23,Low,synthetic_demo_features
SYN-AUD-0415,Punjlish,1.735,1.641,31.58,0.558,0.166,338.13,42,Moderate,synthetic_demo_features
SYN-AUD-0416,Hindi,1.447,1.464,50.0,0.466,0.258,274.11,93,Critical,synthetic_demo_features
SYN-AUD-0417,Punjlish,1.523,1.861,47.61,0.697,0.17,179.72,63,High,synthetic_demo_features
SYN-AUD-0418,Hinglish,2.569,1.309,38.22,0.467,0.035,355.63,26,Moderate,synthetic_demo_features
SYN-AUD-0419,Punjlish,2.036,2.566,64.15,0.457,0.191,409.92,92,Critical,synthetic_demo_features
SYN-AUD-0420,English,2.912,1.387,34.3,0.562,0.095,57.07,29,Moderate,synthetic_demo_features
SYN-AUD-0421,Punjabi,2.178,0.805,31.52,0.57,0.063,381.17,18,Low,synthetic_demo_features
SYN-AUD-0422,Hindi,3.44,1.452,42.6,0.614,0.093,50.37,30,Moderate,synthetic_demo_features
SYN-AUD-0423,English,2.738,0.59,35.4,0.676,0.021,36.74,23,Low,synthetic_demo_features
SYN-AUD-0424,Punjlish,2.239,2.399,44.7,0.493,0.21,96.92,85,Critical,synthetic_demo_features
SYN-AUD-0425,Hinglish,3.152,1.13,48.98,0.741,0.07,37.47,41,Moderate,synthetic_demo_features
SYN-AUD-0426,English,2.82,1.58,37.34,0.441,0.149,228.62,53,High,synthetic_demo_features
SYN-AUD-0427,Hindi,3.213,1.324,35.53,0.545,0.122,299.07,49,Moderate,synthetic_demo_features
SYN-AUD-0428,English,1.882,2.279,59.01,0.392,0.172,331.44,91,Critical,synthetic_demo_features
SYN-AUD-0429,Punjabi,2.648,2.141,32.44,0.44,0.152,390.65,64,High,synthetic_demo_features
SYN-AUD-0430,Hindi,2.528,0.847,41.87,0.565,0.074,58.5,30,Moderate,synthetic_demo_features
SYN-AUD-0431,English,2.648,0.674,39.51,0.686,0.063,275.3,19,Low,synthetic_demo_features
SYN-AUD-0432,Punjabi,1.843,2.574,65.95,0.538,0.169,230.66,84,Critical,synthetic_demo_features
SYN-AUD-0433,Punjabi,2.398,1.158,44.65,0.629,0.09,131.96,35,Moderate,synthetic_demo_features
SYN-AUD-0434,Punjabi,2.799,0.694,34.46,0.673,0.022,296.72,8,Low,synthetic_demo_features
SYN-AUD-0435,Punjlish,2.716,1.569,49.83,0.36,0.181,270.36,79,Critical,synthetic_demo_features
SYN-AUD-0436,English,3.05,0.681,21.03,0.542,0.039,380.17,6,Low,synthetic_demo_features
SYN-AUD-0437,Punjlish,1.791,1.177,46.22,0.726,0.024,400.15,48,Moderate,synthetic_demo_features
SYN-AUD-0438,Punjabi,2.758,0.895,51.46,0.584,0.095,177.52,38,Moderate,synthetic_demo_features
SYN-AUD-0439,Punjabi,2.86,1.012,27.04,0.525,0.187,383.99,42,Moderate,synthetic_demo_features
SYN-AUD-0440,Punjlish,2.309,1.428,27.14,0.439,0.078,266.83,33,Moderate,synthetic_demo_features
SYN-AUD-0441,English,2.842,0.699,22.16,0.686,0.053,407.91,13,Low,synthetic_demo_features
SYN-AUD-0442,Hinglish,2.931,0.883,27.8,0.723,0.04,411.05,22,Low,synthetic_demo_features
SYN-AUD-0443,Hindi,3.024,0.919,22.58,0.595,0.045,312.69,5,Low,synthetic_demo_features
SYN-AUD-0444,Hinglish,2.869,0.996,32.86,0.762,0.056,326.14,22,Low,synthetic_demo_features
SYN-AUD-0445,Hinglish,2.328,2.737,50.41,0.265,0.137,117.01,80,Critical,synthetic_demo_features
SYN-AUD-0446,English,3.418,1.349,32.91,0.48,0.141,340.29,45,Moderate,synthetic_demo_features
SYN-AUD-0447,Hinglish,2.394,1.229,42.97,0.687,0.142,67.87,26,Moderate,synthetic_demo_features
SYN-AUD-0448,Hinglish,2.432,0.745,32.63,0.507,0.075,236.92,48,Moderate,synthetic_demo_features
SYN-AUD-0449,Hindi,2.629,2.3,28.75,0.371,0.13,332.8,67,High,synthetic_demo_features
SYN-AUD-0450,Hinglish,2.747,0.908,37.74,0.678,0.034,189.0,5,Low,synthetic_demo_features
SYN-AUD-0451,Punjabi,2.916,0.723,37.55,0.7,0.071,281.77,20,Low,synthetic_demo_features
SYN-AUD-0452,Hinglish,2.122,2.064,50.66,0.76,0.186,145.35,59,High,synthetic_demo_features
SYN-AUD-0453,Hindi,2.66,1.135,40.35,0.627,0.146,43.54,36,Moderate,synthetic_demo_features
SYN-AUD-0454,Hinglish,2.203,1.237,62.61,0.446,0.218,379.66,58,High,synthetic_demo_features
SYN-AUD-0455,Punjabi,1.947,1.845,40.38,0.603,0.247,170.9,85,Critical,synthetic_demo_features
SYN-AUD-0456,English,2.165,1.848,46.45,0.384,0.161,349.23,65,High,synthetic_demo_features
SYN-AUD-0457,English,2.886,0.774,44.67,0.533,0.06,152.03,12,Low,synthetic_demo_features
SYN-AUD-0458,Punjlish,2.903,0.9,36.35,0.695,0.072,219.15,16,Low,synthetic_demo_features
SYN-AUD-0459,Punjlish,2.809,0.874,35.0,0.615,0.019,277.93,23,Low,synthetic_demo_features
SYN-AUD-0460,English,2.484,1.286,56.46,0.515,0.237,147.89,56,High,synthetic_demo_features
SYN-AUD-0461,Punjabi,2.206,2.502,45.43,0.286,0.246,320.22,77,Critical,synthetic_demo_features
SYN-AUD-0462,Hinglish,1.817,2.976,26.51,0.443,0.326,83.49,89,Critical,synthetic_demo_features
SYN-AUD-0463,Punjlish,2.859,0.697,33.47,0.576,0.048,87.17,23,Low,synthetic_demo_features
SYN-AUD-0464,English,1.9,2.061,53.3,0.396,0.105,127.32,52,High,synthetic_demo_features
SYN-AUD-0465,Hindi,2.17,1.336,40.2,0.651,0.087,119.34,34,Moderate,synthetic_demo_features
SYN-AUD-0466,English,2.101,1.765,30.5,0.443,0.22,57.94,66,High,synthetic_demo_features
SYN-AUD-0467,English,1.768,1.06,36.63,0.737,0.053,101.43,49,Moderate,synthetic_demo_features
SYN-AUD-0468,Hinglish,2.747,0.744,32.85,0.561,0.041,199.03,23,Low,synthetic_demo_features
SYN-AUD-0469,English,2.945,0.817,35.49,0.742,0.039,164.56,6,Low,synthetic_demo_features
SYN-AUD-0470,Hindi,2.305,1.821,39.76,0.397,0.244,344.07,78,Critical,synthetic_demo_features
SYN-AUD-0471,Punjabi,3.215,1.344,32.59,0.509,0.112,206.53,36,Moderate,synthetic_demo_features
SYN-AUD-0472,Hinglish,2.941,1.473,28.94,0.6,0.085,297.67,31,Moderate,synthetic_demo_features
SYN-AUD-0473,Hindi,3.089,1.55,41.4,0.57,0.09,242.87,33,Moderate,synthetic_demo_features
SYN-AUD-0474,Punjabi,2.571,1.326,43.43,0.468,0.063,87.35,39,Moderate,synthetic_demo_features
SYN-AUD-0475,Punjabi,1.739,2.143,65.03,0.523,0.152,160.8,90,Critical,synthetic_demo_features
SYN-AUD-0476,Punjabi,2.947,0.621,38.32,0.718,0.021,361.47,6,Low,synthetic_demo_features
SYN-AUD-0477,Punjabi,3.006,0.689,25.95,0.822,0.067,296.58,6,Low,synthetic_demo_features
SYN-AUD-0478,English,2.914,1.403,47.63,0.529,0.239,151.84,73,High,synthetic_demo_features
SYN-AUD-0479,English,2.726,0.781,19.43,0.655,0.085,345.69,40,Moderate,synthetic_demo_features
SYN-AUD-0480,Punjlish,3.489,0.88,43.57,0.72,0.056,406.08,23,Low,synthetic_demo_features
SYN-AUD-0481,Hinglish,3.335,0.433,28.48,0.682,0.034,309.71,21,Low,synthetic_demo_features
SYN-AUD-0482,Punjlish,3.386,0.697,29.18,0.578,0.064,170.39,10,Low,synthetic_demo_features
SYN-AUD-0483,English,3.035,0.866,37.78,0.674,0.043,336.2,22,Low,synthetic_demo_features
SYN-AUD-0484,Punjabi,3.695,0.801,36.32,0.637,0.064,207.3,24,Low,synthetic_demo_features
SYN-AUD-0485,Hindi,2.577,0.709,39.5,0.631,0.064,179.54,10,Low,synthetic_demo_features
SYN-AUD-0486,Punjlish,2.797,1.886,47.16,0.575,0.262,246.47,53,High,synthetic_demo_features
SYN-AUD-0487,Hinglish,1.892,2.048,57.29,0.446,0.063,239.16,58,High,synthetic_demo_features
SYN-AUD-0488,Punjabi,1.97,2.281,45.72,0.531,0.261,375.6,76,Critical,synthetic_demo_features
SYN-AUD-0489,Hindi,2.91,1.315,30.58,0.614,0.132,237.27,48,Moderate,synthetic_demo_features
SYN-AUD-0490,Hinglish,2.314,0.997,34.52,0.597,0.095,116.44,34,Moderate,synthetic_demo_features
SYN-AUD-0491,Punjabi,1.056,0.796,50.42,0.662,0.348,100.52,87,Critical,synthetic_demo_features
SYN-AUD-0492,Punjlish,1.691,1.241,34.03,0.477,0.161,343.1,54,High,synthetic_demo_features
SYN-AUD-0493,Punjlish,2.565,1.209,29.25,0.459,0.04,282.52,36,Moderate,synthetic_demo_features
SYN-AUD-0494,Hindi,2.345,0.791,24.51,0.813,0.038,410.26,20,Low,synthetic_demo_features
SYN-AUD-0495,Punjabi,2.318,1.219,42.43,0.59,0.114,394.5,39,Moderate,synthetic_demo_features
SYN-AUD-0496,Punjlish,2.506,1.287,45.36,0.64,0.114,222.51,49,Moderate,synthetic_demo_features
SYN-AUD-0497,Punjlish,3.298,1.191,39.31,0.664,0.08,385.31,29,Moderate,synthetic_demo_features
SYN-AUD-0498,Hindi,2.928,0.619,35.0,0.794,0.017,318.07,10,Low,synthetic_demo_features
SYN-AUD-0499,Hindi,1.82,3.028,48.06,0.439,0.286,128.85,78,Critical,synthetic_demo_features
SYN-AUD-0500,Hinglish,2.726,1.666,28.11,0.546,0.063,114.08,48,Moderate,synthetic_demo_features
SYN-AUD-0501,Hindi,2.711,1.061,33.86,0.529,0.081,139.59,28,Moderate,synthetic_demo_features
SYN-AUD-0502,Hindi,2.874,0.686,32.93,0.699,0.039,406.01,17,Low,synthetic_demo_features
SYN-AUD-0503,English,3.304,1.331,36.86,0.394,0.223,232.82,71,High,synthetic_demo_features
SYN-AUD-0504,Hinglish,3.249,1.696,53.06,0.552,0.141,151.42,66,High,synthetic_demo_features
SYN-AUD-0505,Punjabi,3.469,0.712,29.13,0.593,0.032,122.55,18,Low,synthetic_demo_features
SYN-AUD-0506,English,2.607,1.073,44.32,0.618,0.072,198.7,38,Moderate,synthetic_demo_features
SYN-AUD-0507,English,3.019,1.412,38.8,0.387,0.096,341.92,56,High,synthetic_demo_features
SYN-AUD-0508,English,2.927,2.064,69.97,0.493,0.157,195.78,67,High,synthetic_demo_features
SYN-AUD-0509,Punjlish,3.041,0.898,25.17,0.708,0.054,244.65,17,Low,synthetic_demo_features
SYN-AUD-0510,Hindi,2.535,3.123,38.68,0.502,0.067,63.02,76,Critical,synthetic_demo_features
SYN-AUD-0511,Hinglish,2.49,0.872,36.28,0.655,0.026,392.66,34,Moderate,synthetic_demo_features
SYN-AUD-0512,Hindi,3.553,0.865,24.94,0.642,0.081,309.68,7,Low,synthetic_demo_features
SYN-AUD-0513,English,2.907,0.765,28.77,0.543,0.036,299.36,9,Low,synthetic_demo_features
SYN-AUD-0514,English,2.964,0.821,45.31,0.681,0.072,383.29,5,Low,synthetic_demo_features
SYN-AUD-0515,Hindi,3.004,0.684,30.78,0.751,0.034,393.27,11,Low,synthetic_demo_features
SYN-AUD-0516,Hinglish,2.37,1.474,38.58,0.565,0.02,58.01,36,Moderate,synthetic_demo_features
SYN-AUD-0517,Punjabi,3.135,1.899,57.26,0.379,0.164,303.5,70,High,synthetic_demo_features
SYN-AUD-0518,Punjlish,3.338,0.91,33.65,0.654,0.03,55.73,9,Low,synthetic_demo_features
SYN-AUD-0519,English,2.153,2.014,52.45,0.446,0.264,287.71,87,Critical,synthetic_demo_features
SYN-AUD-0520,English,2.487,0.813,21.52,0.654,0.04,68.2,14,Low,synthetic_demo_features
SYN-AUD-0521,English,1.922,1.769,36.14,0.611,0.043,228.28,36,Moderate,synthetic_demo_features
SYN-AUD-0522,Hindi,1.972,1.328,52.89,0.515,0.226,61.09,89,Critical,synthetic_demo_features
SYN-AUD-0523,Hinglish,2.062,2.258,46.45,0.505,0.175,174.88,70,High,synthetic_demo_features
SYN-AUD-0524,Hindi,2.267,1.223,62.26,0.659,0.213,309.86,53,High,synthetic_demo_features
SYN-AUD-0525,Punjlish,2.054,2.38,39.08,0.264,0.222,318.7,74,High,synthetic_demo_features
SYN-AUD-0526,Hinglish,3.363,0.98,32.32,0.514,0.051,60.64,7,Low,synthetic_demo_features
SYN-AUD-0527,Punjabi,2.995,0.773,26.22,0.6,0.087,127.58,22,Low,synthetic_demo_features
SYN-AUD-0528,Punjabi,2.813,0.955,43.14,0.738,0.039,49.7,42,Moderate,synthetic_demo_features
SYN-AUD-0529,Punjlish,3.185,1.046,44.22,0.661,0.063,242.05,19,Low,synthetic_demo_features
SYN-AUD-0530,English,2.808,1.368,39.74,0.501,0.081,102.36,31,Moderate,synthetic_demo_features
SYN-AUD-0531,Hindi,3.11,0.863,37.88,0.611,0.038,82.43,22,Low,synthetic_demo_features
SYN-AUD-0532,Punjabi,2.014,2.121,65.6,0.547,0.307,60.07,84,Critical,synthetic_demo_features
SYN-AUD-0533,Hindi,2.866,2.585,46.52,0.572,0.208,355.59,78,Critical,synthetic_demo_features
SYN-AUD-0534,Hinglish,1.935,1.904,53.82,0.761,0.133,371.69,74,High,synthetic_demo_features
SYN-AUD-0535,Punjlish,1.791,1.658,46.02,0.394,0.186,332.37,70,High,synthetic_demo_features
SYN-AUD-0536,Punjabi,2.81,0.778,31.97,0.697,0.072,258.6,24,Low,synthetic_demo_features
SYN-AUD-0537,English,2.803,0.825,38.74,0.784,0.085,300.06,5,Low,synthetic_demo_features
SYN-AUD-0538,English,1.695,1.85,35.25,0.494,0.321,162.88,66,High,synthetic_demo_features
SYN-AUD-0539,Punjlish,2.534,1.519,36.39,0.71,0.223,191.09,73,High,synthetic_demo_features
SYN-AUD-0540,Punjabi,2.576,1.586,40.45,0.303,0.197,114.85,38,Moderate,synthetic_demo_features
SYN-AUD-0541,Punjabi,3.135,1.316,43.98,0.542,0.051,317.08,45,Moderate,synthetic_demo_features
SYN-AUD-0542,English,2.441,1.018,47.77,0.539,0.084,87.19,45,Moderate,synthetic_demo_features
SYN-AUD-0543,English,2.449,0.719,33.38,0.698,0.073,351.86,20,Low,synthetic_demo_features
SYN-AUD-0544,English,3.066,1.163,33.02,0.582,0.123,342.28,37,Moderate,synthetic_demo_features
SYN-AUD-0545,Punjlish,2.652,1.397,48.09,0.659,0.099,54.45,32,Moderate,synthetic_demo_features
SYN-AUD-0546,Hinglish,2.428,1.264,42.16,0.453,0.08,105.06,33,Moderate,synthetic_demo_features
SYN-AUD-0547,Hinglish,2.195,2.062,43.32,0.435,0.264,95.63,89,Critical,synthetic_demo_features
SYN-AUD-0548,Punjlish,2.887,1.009,24.74,0.442,0.083,295.12,45,Moderate,synthetic_demo_features
SYN-AUD-0549,Punjabi,3.099,1.217,43.17,0.713,0.19,94.44,74,High,synthetic_demo_features
SYN-AUD-0550,Punjabi,2.543,2.294,40.69,0.424,0.101,103.3,58,High,synthetic_demo_features
SYN-AUD-0551,Hinglish,2.838,0.664,38.44,0.639,0.058,329.82,9,Low,synthetic_demo_features
SYN-AUD-0552,Hinglish,2.409,1.279,41.74,0.721,0.217,76.97,63,High,synthetic_demo_features
SYN-AUD-0553,Punjlish,2.334,1.491,25.74,0.558,0.046,81.56,43,Moderate,synthetic_demo_features
SYN-AUD-0554,Hindi,2.577,1.473,33.46,0.609,0.133,123.0,37,Moderate,synthetic_demo_features
SYN-AUD-0555,English,3.019,0.895,40.53,0.663,0.044,139.62,19,Low,synthetic_demo_features
SYN-AUD-0556,Punjlish,1.866,2.077,50.87,0.485,0.206,404.55,82,Critical,synthetic_demo_features
SYN-AUD-0557,Punjlish,0.638,1.928,38.18,0.55,0.214,32.07,77,Critical,synthetic_demo_features
SYN-AUD-0558,Hindi,2.792,0.74,32.58,0.646,0.041,348.2,20,Low,synthetic_demo_features
SYN-AUD-0559,English,3.021,0.846,23.43,0.741,0.065,39.52,10,Low,synthetic_demo_features
SYN-AUD-0560,Hinglish,3.223,1.128,30.19,0.596,0.019,78.33,14,Low,synthetic_demo_features
SYN-AUD-0561,Hindi,1.934,1.445,42.76,0.622,0.106,317.29,62,High,synthetic_demo_features
SYN-AUD-0562,Hindi,2.825,1.314,36.36,0.622,0.039,36.22,46,Moderate,synthetic_demo_features
SYN-AUD-0563,Punjabi,2.205,0.755,29.82,0.656,0.039,269.05,24,Low,synthetic_demo_features
SYN-AUD-0564,Hindi,2.415,1.595,32.25,0.506,0.155,419.04,70,High,synthetic_demo_features
SYN-AUD-0565,Punjabi,2.973,0.892,38.51,0.507,0.084,119.75,40,Moderate,synthetic_demo_features
SYN-AUD-0566,Punjlish,3.152,1.283,41.17,0.42,0.087,338.82,38,Moderate,synthetic_demo_features
SYN-AUD-0567,English,2.498,1.266,39.81,0.684,0.095,313.64,31,Moderate,synthetic_demo_features
SYN-AUD-0568,Punjlish,2.054,0.629,44.29,0.641,0.136,49.33,47,Moderate,synthetic_demo_features
SYN-AUD-0569,Hindi,2.652,1.561,51.55,0.651,0.113,137.8,41,Moderate,synthetic_demo_features
SYN-AUD-0570,Hinglish,2.863,0.781,26.13,0.666,0.028,198.13,23,Low,synthetic_demo_features
SYN-AUD-0571,Punjabi,3.272,0.793,53.21,0.438,0.052,202.17,45,Moderate,synthetic_demo_features
SYN-AUD-0572,Punjabi,2.102,2.09,42.49,0.292,0.308,261.33,79,Critical,synthetic_demo_features
SYN-AUD-0573,English,2.859,0.539,28.04,0.622,0.085,160.32,45,Moderate,synthetic_demo_features
SYN-AUD-0574,Hindi,2.426,2.405,58.01,0.367,0.251,179.27,94,Critical,synthetic_demo_features
SYN-AUD-0575,Hindi,1.689,0.808,35.42,0.794,0.028,194.88,45,Moderate,synthetic_demo_features
SYN-AUD-0576,Hindi,3.146,1.771,53.02,0.466,0.144,215.66,73,High,synthetic_demo_features
SYN-AUD-0577,Punjlish,3.253,0.559,37.34,0.683,0.046,104.18,24,Low,synthetic_demo_features
SYN-AUD-0578,English,2.889,1.627,48.78,0.412,0.169,233.87,66,High,synthetic_demo_features
SYN-AUD-0579,English,3.13,0.848,26.58,0.653,0.061,141.81,11,Low,synthetic_demo_features
SYN-AUD-0580,Punjlish,3.666,0.657,38.48,0.588,0.063,147.47,5,Low,synthetic_demo_features
SYN-AUD-0581,Punjabi,2.574,0.504,28.31,0.722,0.028,119.09,5,Low,synthetic_demo_features
SYN-AUD-0582,Punjlish,2.918,0.628,31.53,0.64,0.026,408.64,9,Low,synthetic_demo_features
SYN-AUD-0583,English,1.409,2.687,47.68,0.21,0.203,257.35,79,Critical,synthetic_demo_features
SYN-AUD-0584,Punjabi,2.674,1.815,58.04,0.534,0.267,249.57,94,Critical,synthetic_demo_features
SYN-AUD-0585,Punjlish,2.877,1.418,55.76,0.457,0.177,331.1,60,High,synthetic_demo_features
SYN-AUD-0586,Hinglish,2.694,0.834,32.56,0.717,0.04,376.71,21,Low,synthetic_demo_features
SYN-AUD-0587,English,1.537,2.685,50.63,0.397,0.268,114.13,85,Critical,synthetic_demo_features
SYN-AUD-0588,Punjabi,1.872,2.07,46.84,0.332,0.188,368.45,73,High,synthetic_demo_features
SYN-AUD-0589,Punjabi,2.242,1.45,22.28,0.505,0.105,285.89,33,Moderate,synthetic_demo_features
SYN-AUD-0590,Punjlish,2.362,1.582,27.16,0.604,0.12,315.51,38,Moderate,synthetic_demo_features
SYN-AUD-0591,Hindi,2.119,1.943,27.6,0.533,0.149,226.26,69,High,synthetic_demo_features
SYN-AUD-0592,Hinglish,3.437,0.876,31.23,0.743,0.066,269.49,20,Low,synthetic_demo_features
SYN-AUD-0593,Hindi,2.307,1.546,27.95,0.659,0.128,310.37,45,Moderate,synthetic_demo_features
SYN-AUD-0594,Hindi,2.094,2.427,37.37,0.421,0.12,48.31,56,High,synthetic_demo_features
SYN-AUD-0595,Punjlish,2.781,1.012,35.48,0.606,0.026,177.09,14,Low,synthetic_demo_features
SYN-AUD-0596,Hinglish,2.08,0.754,29.07,0.468,0.018,255.95,30,Moderate,synthetic_demo_features
SYN-AUD-0597,Hindi,2.515,1.623,35.87,0.565,0.12,89.55,49,Moderate,synthetic_demo_features
SYN-AUD-0598,Punjabi,2.476,1.743,73.66,0.591,0.116,290.83,74,High,synthetic_demo_features
SYN-AUD-0599,Punjabi,2.201,1.581,38.71,0.464,0.3,214.76,89,Critical,synthetic_demo_features
SYN-AUD-0600,Hinglish,2.518,1.76,40.96,0.581,0.221,34.63,51,High,synthetic_demo_features
